UID,제품타입,공기온도_K,공정온도_K,회전속도_rpm,토크_Nm,공구마모_min,고장여부
1,H,300.4,309.9,1503,42.0,228,0
2,H,300.7,310.7,1460,51.1,103,0
3,M,301.1,312.6,1190,37.8,137,0
4,L,301.4,311.5,1815,15.8,107,0
5,L,297.8,308.6,1873,36.2,115,0
6,L,300.1,310.8,1476,63.3,66,0
7,L,300.5,311.4,1617,46.3,120,0
8,L,299.4,309.4,1357,46.4,49,0
9,H,302.1,311.6,1432,41.1,107,0
10,L,302.4,313.0,1874,46.5,142,0
11,L,301.5,313.3,1524,39.5,241,0
12,M,300.5,309.9,1577,45.3,81,0
13,M,300.4,309.2,1274,44.6,34,0
14,L,297.9,308.5,1473,31.8,153,0
15,L,299.3,308.6,1580,33.9,233,0
16,M,299.3,310.4,1846,34.8,5,0
17,L,297.9,308.8,1749,30.4,237,1
18,M,298.1,308.5,1294,61.6,12,0
19,L,303.2,313.9,1253,41.0,90,0
20,L,300.5,311.8,1639,19.5,21,0
21,H,298.7,309.2,1935,44.3,243,0
22,L,298.9,309.7,1625,49.0,15,0
23,M,297.5,309.3,1233,23.7,32,0
24,H,301.6,311.5,1602,60.7,190,0
25,M,298.7,309.6,1471,58.9,35,0
26,M,297.2,307.2,1636,30.3,38,0
27,L,297.6,306.8,1525,44.2,125,0
28,L,299.4,309.2,1464,47.2,58,0
29,L,302.5,312.6,1317,29.8,150,0
30,L,298.0,308.0,1540,51.9,151,0
31,L,299.0,308.5,1426,40.6,241,0
32,H,300.9,309.9,1622,47.4,23,0
33,L,300.0,310.8,1316,27.9,99,0
34,L,298.6,308.3,1530,50.0,163,0
35,H,298.6,307.5,1494,49.2,11,0
36,M,300.1,310.4,1213,48.5,27,0
37,M,299.9,311.0,1713,20.4,177,0
38,M,302.2,312.4,1689,47.1,181,0
39,L,299.0,308.8,2029,36.9,128,0
40,H,299.1,307.6,1849,20.1,133,0
41,L,300.8,311.1,1707,31.1,44,0
42,H,298.8,309.0,1300,45.5,192,0
43,M,300.9,310.2,1443,45.7,43,0
44,H,301.7,312.2,1587,40.1,155,0
45,L,301.8,311.4,1753,26.5,4,0
46,L,299.4,311.4,1516,42.8,93,1
47,M,299.1,309.9,1450,25.4,230,0
48,M,298.7,307.2,1183,44.5,214,0
49,L,295.9,305.0,1222,36.4,159,0
50,L,297.7,309.1,1577,40.2,35,0
51,M,297.4,307.1,1717,43.1,200,0
52,L,300.4,310.5,1369,57.8,160,0
53,M,297.7,308.4,1857,46.0,184,1
54,L,300.3,308.1,1793,42.8,125,0
55,L,301.3,312.9,1587,32.7,137,0
56,L,303.4,314.1,1588,54.7,56,0
57,M,303.2,313.9,1577,48.4,195,0
58,H,300.4,311.2,1514,41.9,56,0
59,H,299.8,311.0,1429,44.1,198,0
60,M,301.4,310.1,1682,53.5,194,0
61,L,302.5,312.1,1640,34.4,194,0
62,M,302.0,311.5,1015,45.3,39,0
63,M,302.0,310.8,1522,54.9,40,0
64,M,299.4,308.4,1354,53.4,132,0
65,L,300.9,309.8,1409,41.4,19,0
66,L,299.5,310.4,1794,37.2,57,0
67,H,295.9,305.9,1624,62.2,220,0
68,H,300.1,309.0,1769,54.8,50,0
69,M,302.5,314.3,1477,34.4,31,0
70,H,297.9,307.3,1567,48.6,73,0
71,L,297.7,309.1,1208,29.6,167,0
72,L,300.6,311.1,1562,35.4,142,0
73,M,298.3,308.5,1462,63.4,110,0
74,L,301.4,311.2,1333,48.1,112,0
75,L,302.0,310.7,1794,45.3,225,0
76,M,296.2,304.8,1561,44.1,58,0
77,H,297.1,304.8,1491,42.1,240,1
78,H,301.6,311.7,1420,62.8,202,1
79,L,297.9,308.1,1556,29.4,102,0
80,L,296.5,306.7,1608,41.1,24,0
81,M,299.3,309.5,1761,35.6,240,0
82,L,299.5,309.8,1597,29.6,79,0
83,H,302.0,311.7,1498,41.1,234,0
84,L,300.2,309.8,1237,26.6,230,0
85,H,300.1,311.7,1444,59.4,73,0
86,L,300.7,311.6,1329,37.5,81,0
87,H,299.8,308.6,1378,34.2,22,0
88,H,298.3,308.2,1340,40.7,123,0
89,L,299.7,310.3,1365,36.0,184,0
90,M,300.1,310.1,1325,28.5,24,0
91,H,301.7,310.8,1414,52.0,54,0
92,L,298.4,306.9,1800,41.7,34,0
93,L,300.0,310.8,1574,29.3,210,0
94,L,303.9,313.9,1517,25.9,30,0
95,H,299.0,308.5,1476,51.8,59,0
96,L,300.5,310.8,1735,57.5,4,0
97,H,299.6,309.8,1883,29.8,37,0
98,L,300.0,311.1,1452,45.7,80,0
99,L,298.9,308.2,1533,46.2,68,0
100,L,301.7,312.3,1240,33.4,177,0
101,L,300.7,311.0,1807,47.9,208,0
102,H,302.2,313.2,1575,28.8,228,0
103,L,297.9,306.8,1628,47.8,122,0
104,L,299.4,310.1,1558,29.2,170,0
105,L,301.7,310.3,1830,30.5,134,0
106,H,299.8,309.3,1280,44.2,157,0
107,H,299.0,309.1,1491,46.4,219,0
108,M,296.7,307.0,1546,31.5,196,0
109,H,301.2,312.8,1291,45.4,234,0
110,L,300.6,309.7,1510,45.3,94,0
111,L,301.2,310.6,1498,54.7,91,0
112,H,298.5,307.0,1633,22.7,31,0
113,M,301.2,311.3,1396,37.9,22,0
114,M,300.2,309.9,1514,17.9,13,0
115,M,299.3,311.4,1011,47.5,248,0
116,M,298.8,309.9,1710,39.5,67,0
117,H,297.7,307.5,1879,50.6,141,0
118,M,297.9,309.8,1408,33.2,119,0
119,L,299.6,310.4,1540,31.0,153,0
120,L,300.0,310.9,1662,37.2,115,0
121,M,303.3,312.2,1505,37.0,110,0
122,M,300.1,310.8,1669,40.3,6,0
123,L,301.1,311.8,1489,32.9,178,0
124,L,303.0,313.1,1708,34.8,217,0
125,M,297.7,307.1,1070,43.7,243,0
126,H,298.3,309.9,1423,37.0,144,0
127,L,298.8,305.7,1850,58.8,209,0
128,M,302.7,311.7,1550,42.4,249,0
129,L,299.2,309.8,1100,54.8,120,0
130,M,298.8,308.4,1727,41.1,180,0
131,L,300.7,310.4,1635,37.3,58,0
132,L,301.3,313.1,1432,44.6,7,0
133,L,297.2,306.2,1615,34.5,229,0
134,L,299.3,309.8,1522,56.6,125,0
135,L,301.2,312.5,1800,48.3,141,0
136,H,299.7,311.2,1567,34.4,246,0
137,H,301.0,311.5,1147,35.4,126,0
138,H,300.4,309.0,1579,58.6,0,0
139,L,297.2,307.6,1294,22.5,237,0
140,L,297.6,306.4,1606,46.9,78,0
141,H,301.7,312.0,1459,54.0,247,0
142,M,297.3,308.2,1441,57.3,98,0
143,L,300.2,311.0,1811,51.7,37,0
144,H,299.4,309.6,1705,56.1,0,0
145,M,301.0,311.5,1701,43.2,59,0
146,L,297.6,308.9,1545,38.6,102,0
147,L,303.4,312.7,1793,30.5,85,0
148,L,299.1,310.4,1677,42.4,10,0
149,M,302.5,311.7,1438,22.5,80,0
150,M,302.3,310.4,1568,40.9,150,0
151,M,299.7,310.9,1392,27.9,208,0
152,L,299.2,308.3,1192,37.8,128,0
153,L,300.2,310.4,1452,36.5,76,0
154,M,302.3,311.1,1325,64.7,183,1
155,M,300.0,309.0,1948,36.4,71,0
156,L,298.9,308.9,1534,55.6,17,0
157,L,300.2,310.6,1464,32.9,82,0
158,H,300.3,311.4,1497,39.9,106,0
159,L,302.9,311.8,1399,27.5,126,0
160,M,299.6,310.3,1422,39.5,9,0
161,M,301.7,311.6,1443,20.1,37,0
162,L,298.5,306.7,1591,32.5,4,0
163,L,297.1,306.8,1506,58.3,192,0
164,M,298.6,308.5,1515,63.0,149,0
165,L,301.7,311.1,1565,49.3,21,0
166,H,300.8,310.2,1494,39.7,133,0
167,M,299.4,309.1,1350,43.1,149,0
168,H,299.7,307.5,1337,42.1,49,0
169,L,302.8,312.6,1694,28.6,219,0
170,L,301.4,312.3,1665,49.6,165,0
171,M,297.7,306.0,1293,33.0,26,0
172,H,299.9,309.8,1512,44.4,171,0
173,H,300.9,310.7,1923,39.2,76,0
174,L,300.0,311.8,1693,51.1,169,0
175,L,296.4,305.8,1348,35.9,57,0
176,M,297.9,309.6,1449,41.8,13,0
177,L,301.3,310.4,1437,35.3,236,1
178,L,297.2,307.9,1723,38.8,217,0
179,M,298.9,308.2,1470,26.4,49,0
180,L,300.4,310.2,1889,36.8,29,0
181,L,300.2,310.5,1242,22.3,106,0
182,L,299.9,310.1,1525,72.5,228,0
183,H,301.0,312.4,1350,32.4,231,1
184,L,300.9,310.9,1378,40.3,46,0
185,L,294.6,304.2,1487,26.0,114,0
186,M,298.6,307.9,1310,56.5,120,0
187,M,298.9,308.0,1325,54.1,100,0
188,H,299.8,309.8,1472,46.6,182,0
189,M,297.5,307.0,1672,55.1,123,1
190,L,298.1,307.8,1348,48.0,144,0
191,L,301.7,310.8,1794,36.5,38,0
192,H,298.5,309.1,1425,27.3,61,0
193,M,300.7,309.4,1699,36.3,134,0
194,L,299.2,308.9,1497,42.6,180,0
195,L,299.1,309.4,1441,55.0,150,0
196,L,299.3,309.8,1417,24.1,26,0
197,H,300.6,310.1,1502,57.7,238,1
198,H,300.3,310.0,1711,45.2,200,0
199,L,298.0,308.2,1849,39.7,215,0
200,L,299.5,310.8,1692,47.5,6,0
201,L,296.9,307.1,1442,29.2,226,0
202,L,299.3,310.2,1369,34.9,54,0
203,L,300.2,308.4,1449,40.8,128,0
204,L,301.1,312.6,1701,41.8,85,0
205,L,300.8,310.1,1490,45.9,182,0
206,H,296.0,305.5,1512,40.9,219,0
207,M,301.3,310.7,1604,36.9,209,0
208,L,301.3,310.5,1565,41.2,62,0
209,M,299.2,308.9,1576,49.1,191,0
210,M,296.9,304.8,1758,26.5,77,0
211,L,301.3,312.0,1321,40.9,21,0
212,M,300.3,310.6,1322,53.9,231,0
213,M,300.8,309.0,1525,41.8,224,0
214,L,299.6,310.1,1347,38.8,248,0
215,M,295.1,304.5,1909,44.1,34,0
216,L,297.7,307.7,1538,46.7,154,0
217,L,306.2,317.8,1579,39.2,221,0
218,L,299.5,310.0,1625,38.2,194,0
219,L,300.9,310.0,1470,45.5,139,0
220,M,302.4,314.7,1406,51.0,225,0
221,H,301.1,310.2,1539,44.0,152,0
222,H,300.0,309.4,1575,37.1,180,0
223,H,301.9,313.3,1533,50.6,16,0
224,M,302.5,312.3,1463,45.8,164,0
225,M,300.8,309.1,1489,42.0,227,0
226,L,300.8,310.0,1563,58.5,202,1
227,L,299.6,308.2,1676,40.4,91,0
228,L,301.6,311.9,1609,51.6,205,0
229,H,299.7,311.0,1542,53.2,137,0
230,L,303.0,311.7,1472,45.7,37,0
231,M,299.0,308.4,1763,30.4,176,1
232,M,298.5,308.3,1533,35.5,138,0
233,H,300.4,311.8,1813,60.1,194,1
234,L,299.6,310.1,1582,41.0,98,0
235,L,299.7,308.8,1610,53.5,120,0
236,L,299.9,309.8,1473,40.3,173,0
237,M,302.7,313.8,1343,49.3,184,1
238,L,300.9,311.4,1604,47.1,247,0
239,L,299.3,308.5,1896,42.8,21,0
240,M,301.5,311.7,1674,53.2,46,0
241,H,300.3,310.7,1581,29.1,188,0
242,H,302.2,312.6,1639,49.2,208,0
243,L,296.7,307.6,1609,29.3,88,0
244,L,300.3,311.1,1457,46.5,193,0
245,M,301.6,312.0,1208,55.4,148,0
246,H,299.8,310.5,1727,37.8,53,0
247,H,299.9,309.5,1459,32.9,246,1
248,M,298.9,308.4,1629,46.5,95,0
249,M,298.4,306.3,1675,32.9,72,0
250,M,299.4,310.4,1242,47.7,124,0
251,M,298.0,308.5,1486,37.2,248,0
252,L,301.8,313.0,1734,41.3,127,0
253,L,303.1,312.9,1497,43.2,157,0
254,L,301.8,310.9,1590,38.4,91,0
255,M,297.8,308.0,1391,42.7,158,0
256,L,299.3,308.6,1387,49.8,217,0
257,M,300.1,311.4,1523,20.5,234,0
258,L,298.0,308.9,1388,40.8,124,0
259,H,298.3,306.0,1530,37.2,249,0
260,M,299.0,308.9,1498,35.8,11,0
261,L,297.3,307.9,1402,37.3,150,0
262,H,301.3,309.7,1541,55.1,191,0
263,L,303.5,314.1,1776,48.1,201,0
264,H,300.6,311.5,1666,43.4,90,0
265,L,300.2,310.5,1531,35.5,208,0
266,L,300.8,311.7,1606,43.9,198,1
267,M,299.1,308.8,1287,50.3,187,0
268,L,298.7,307.8,1505,31.2,146,0
269,M,298.6,308.7,1522,47.8,147,0
270,L,299.5,308.4,1586,48.4,181,0
271,L,301.4,311.8,1650,46.8,41,0
272,L,303.0,313.3,1745,34.8,0,0
273,H,298.1,307.3,1665,36.8,207,0
274,L,303.9,314.0,1526,32.6,217,0
275,L,301.9,311.2,1516,39.9,51,0
276,L,301.7,313.8,1452,22.5,111,0
277,L,303.2,313.7,1498,36.4,226,1
278,M,301.5,309.8,1422,24.4,19,0
279,L,302.7,314.1,1418,41.6,29,0
280,M,303.0,311.2,1501,47.0,169,1
281,M,298.2,307.8,1871,34.1,172,0
282,L,299.8,310.1,1789,46.7,187,0
283,L,301.5,312.0,1706,36.1,185,0
284,L,298.7,307.9,1656,43.9,230,0
285,M,301.4,310.5,1429,29.6,178,0
286,L,298.5,308.7,1431,41.2,92,0
287,M,298.6,308.7,1469,49.7,123,0
288,L,298.9,309.3,1383,35.5,66,0
289,L,302.1,312.2,1573,48.2,30,0
290,L,299.4,309.9,1239,50.3,55,0
291,L,300.6,311.1,1651,49.1,139,0
292,L,304.1,314.5,1387,28.8,131,0
293,L,303.0,313.6,1825,42.4,98,0
294,H,298.0,308.7,1411,21.8,201,0
295,M,300.6,309.8,1574,41.5,60,0
296,L,296.7,306.7,1238,26.2,108,0
297,M,297.1,307.3,1851,38.1,39,0
298,L,300.6,309.4,1685,23.9,109,0
299,L,301.3,311.9,1620,32.2,116,0
300,M,297.7,307.6,1305,32.1,129,0
301,M,300.1,310.7,2146,43.1,233,0
302,H,301.9,310.6,1789,34.0,25,0
303,M,297.7,308.1,1759,60.4,177,0
304,L,302.1,311.4,1520,30.7,106,0
305,L,300.7,311.1,1337,44.8,104,0
306,L,301.9,311.7,1364,48.5,152,0
307,L,298.1,306.1,1168,40.9,181,0
308,L,300.3,308.8,1290,34.4,169,0
309,L,302.0,312.9,1886,26.3,65,0
310,L,299.0,308.9,1439,26.9,59,0
311,M,298.4,308.7,1375,44.9,85,0
312,L,299.6,308.5,1917,46.1,177,0
313,L,297.7,308.0,1834,41.7,25,0
314,L,299.3,308.9,1668,28.8,210,0
315,L,300.6,309.8,1315,40.4,163,0
316,H,299.1,309.5,1682,53.3,112,0
317,M,301.7,312.7,1267,31.1,187,0
318,M,298.6,309.3,1368,46.5,56,0
319,H,300.3,308.9,1567,36.7,76,0
320,H,295.8,304.7,1248,33.6,145,0
321,H,299.3,308.0,1407,54.6,242,0
322,L,304.0,314.3,1402,50.0,89,0
323,L,299.0,308.7,1678,52.9,103,0
324,L,300.4,312.4,1381,33.0,132,0
325,H,297.4,307.6,1496,48.7,196,0
326,L,301.6,311.0,1528,28.7,142,0
327,M,301.8,312.1,1445,25.7,184,0
328,L,304.1,313.2,1576,26.7,84,0
329,L,302.2,312.8,1445,38.1,220,0
330,M,300.9,311.5,1440,21.6,19,0
331,H,296.9,307.7,1346,42.9,142,0
332,L,301.0,310.9,1508,53.6,0,0
333,H,301.8,309.7,1436,34.5,204,0
334,M,300.9,311.8,1533,31.9,63,0
335,L,300.3,311.1,1411,36.6,173,0
336,L,298.6,308.4,1614,45.3,4,0
337,L,301.6,311.1,1489,27.0,106,0
338,H,301.1,310.1,1462,46.7,203,0
339,L,302.8,313.1,1744,54.5,165,0
340,L,298.2,308.3,1596,41.6,218,0
341,L,298.4,310.3,1657,50.4,249,0
342,M,299.8,309.3,1393,40.7,153,0
343,L,297.7,307.1,1130,23.1,102,0
344,H,298.3,309.1,1460,43.2,19,0
345,L,302.8,313.4,1437,39.9,14,0
346,L,299.9,309.7,1511,46.1,150,0
347,M,301.7,312.0,1598,36.0,178,0
348,L,297.9,307.8,1488,51.0,146,0
349,L,296.8,306.4,1535,20.6,95,0
350,L,296.7,308.7,1638,39.1,191,1
351,H,300.1,310.9,1656,42.1,244,0
352,H,298.6,309.3,1697,25.4,161,0
353,M,298.1,307.8,1404,40.3,179,0
354,L,299.9,309.7,1456,29.9,177,0
355,M,299.4,308.3,1852,41.9,171,0
356,L,295.9,306.0,1397,42.0,93,0
357,H,299.5,310.6,1478,20.9,13,0
358,M,299.3,310.7,1360,34.3,103,0
359,H,301.2,311.8,1522,31.0,63,0
360,L,297.7,305.9,1300,59.7,247,0
361,M,301.7,310.8,1341,40.3,41,0
362,M,299.9,309.2,1694,54.8,3,0
363,M,299.9,309.4,1492,51.6,156,0
364,L,294.3,304.6,1464,51.3,134,0
365,L,301.1,312.8,1314,41.5,120,0
366,M,302.5,311.6,1439,42.2,97,1
367,L,302.6,311.4,1269,42.5,82,0
368,L,300.6,310.9,1687,48.5,180,0
369,L,300.0,308.8,1934,43.6,227,0
370,M,299.2,307.1,1415,40.4,226,0
371,M,300.3,309.4,1623,60.2,58,0
372,M,300.3,309.5,1429,39.4,220,0
373,M,301.3,313.0,1478,59.0,66,0
374,H,302.4,312.5,1642,17.5,53,0
375,L,295.9,305.8,1894,34.4,137,0
376,M,298.5,308.3,1718,48.5,176,0
377,L,296.5,306.7,1360,56.1,121,0
378,H,299.2,308.2,1378,41.5,225,0
379,M,299.2,309.2,1528,49.3,117,0
380,L,299.7,310.4,1489,54.8,222,1
381,L,300.1,310.5,1697,52.7,49,0
382,M,299.9,309.7,1360,52.1,175,0
383,H,300.6,310.8,1505,49.2,168,1
384,M,302.2,312.9,1617,44.0,118,0
385,L,303.7,313.1,1400,50.8,84,0
386,M,302.3,310.5,1333,34.5,126,0
387,L,300.3,311.8,1592,40.6,75,0
388,L,300.4,310.6,1635,31.4,240,0
389,L,299.5,309.5,1198,44.0,68,0
390,L,300.7,308.8,1522,41.9,55,0
391,M,299.3,309.6,1606,29.5,190,0
392,M,299.2,307.3,1126,42.8,161,0
393,L,300.2,311.1,1615,44.5,100,0
394,L,302.5,312.3,1463,31.8,201,0
395,L,299.1,309.2,1821,47.3,66,0
396,L,298.9,309.0,1471,41.1,124,0
397,M,302.3,310.6,1353,23.8,44,0
398,L,299.4,308.8,1110,46.7,66,0
399,L,299.3,307.1,1294,46.9,37,0
400,H,300.5,309.7,1659,41.0,132,0
401,L,298.0,308.3,1579,27.2,244,0
402,L,302.7,311.4,1148,46.6,138,0
403,L,300.1,309.9,1484,30.2,242,0
404,L,298.2,309.6,1492,11.4,99,0
405,L,299.0,308.5,1340,20.3,240,0
406,L,302.2,312.7,1395,45.7,223,0
407,M,301.2,311.7,1616,44.4,155,0
408,H,299.3,310.4,1615,33.3,59,0
409,H,299.6,311.8,1640,53.4,35,0
410,L,299.2,309.1,1710,26.1,65,0
411,M,301.7,312.2,1275,48.2,60,0
412,L,297.5,308.5,1593,32.0,69,0
413,H,300.4,311.9,1441,23.1,53,0
414,M,302.1,312.1,1954,44.9,63,0
415,H,301.6,311.0,1662,46.1,143,0
416,L,302.0,313.0,1560,37.8,1,0
417,H,299.5,309.5,1753,27.3,203,0
418,L,300.4,309.0,1707,26.8,238,0
419,L,300.3,310.6,1390,53.7,172,1
420,L,305.0,315.0,1596,54.3,72,0
421,L,299.6,309.4,1773,35.9,130,0
422,L,298.9,310.6,1857,40.8,155,0
423,H,296.7,308.1,1611,41.3,92,0
424,L,300.8,311.0,1628,64.9,72,0
425,L,298.8,308.8,1249,43.2,161,1
426,L,299.9,307.2,1587,27.6,66,0
427,L,300.5,309.4,1368,38.0,44,0
428,M,302.0,312.9,1669,23.0,130,0
429,M,298.0,307.5,1667,44.5,124,0
430,H,301.5,311.3,1171,43.7,23,0
431,L,300.5,311.0,1514,54.7,237,0
432,L,299.9,308.8,1531,36.2,120,0
433,L,295.0,305.9,1676,36.7,178,0
434,L,300.5,310.9,1550,55.7,30,0
435,L,301.6,312.0,1492,42.5,124,0
436,M,298.3,308.6,1427,26.3,102,0
437,M,301.2,312.0,1605,31.5,70,0
438,L,299.1,309.8,1720,32.0,192,0
439,M,296.6,307.1,1601,47.5,191,1
440,L,302.5,313.2,1315,47.4,64,0
441,H,302.8,313.3,1503,43.4,119,0
442,L,297.9,308.5,1714,23.7,73,0
443,L,300.7,311.2,1390,31.8,129,0
444,M,300.9,310.3,1664,30.3,150,0
445,M,302.4,312.6,1556,47.7,240,1
446,H,303.1,312.4,1785,30.3,82,0
447,M,298.0,307.8,1639,40.5,70,0
448,L,299.9,308.3,1574,48.5,110,0
449,M,301.9,309.6,1516,51.3,218,1
450,L,301.2,311.2,1780,43.3,80,0
451,M,304.6,313.7,1560,36.4,99,0
452,M,300.7,310.2,1599,25.5,100,0
453,L,299.0,310.9,1445,51.5,171,0
454,H,302.8,311.8,1343,52.8,59,0
455,M,300.0,310.0,1539,31.6,142,0
456,H,302.6,312.9,1334,56.0,172,0
457,H,297.8,308.4,1667,30.9,88,0
458,L,299.3,309.7,1791,26.7,150,0
459,L,295.9,306.9,1408,21.6,243,0
460,M,296.5,307.2,1634,57.9,209,0
461,L,299.8,311.4,1462,57.2,233,0
462,M,299.0,311.5,1633,44.3,72,0
463,M,299.1,309.9,1343,19.8,190,0
464,L,298.5,309.0,1638,32.1,33,0
465,L,302.5,310.4,1680,42.4,237,0
466,L,298.6,308.3,1729,51.7,208,1
467,M,299.2,308.1,1954,38.7,27,0
468,L,302.7,312.6,1466,42.2,43,0
469,H,301.9,313.8,1630,43.0,127,0
470,L,299.2,310.0,1635,38.3,236,0
471,M,299.6,309.5,1800,37.1,72,0
472,L,301.0,312.2,1553,44.2,200,0
473,L,301.7,312.9,1581,37.4,136,0
474,H,297.5,307.9,1677,34.5,220,0
475,L,300.0,309.9,1966,23.4,59,0
476,H,300.2,310.2,1248,30.0,104,0
477,L,295.4,307.0,1685,48.9,11,0
478,L,301.9,310.7,1663,36.0,191,0
479,L,299.8,309.4,1874,34.3,75,0
480,M,304.1,313.3,1369,46.3,19,0
481,M,303.6,315.4,1668,47.4,91,0
482,H,298.8,308.1,1479,46.2,133,0
483,H,301.6,312.9,1500,39.2,202,0
484,L,300.6,309.7,1663,43.7,30,0
485,H,301.2,312.6,1841,47.4,33,0
486,L,298.5,306.8,1703,27.9,60,0
487,H,298.7,308.6,1930,43.8,98,0
488,L,295.4,304.9,1597,42.7,91,0
489,L,298.1,307.0,1666,37.2,203,0
490,M,297.2,306.4,1496,33.1,238,0
491,L,301.0,311.5,1681,35.9,113,0
492,M,299.4,308.2,1562,52.1,4,0
493,L,300.1,311.1,1550,21.4,123,0
494,M,301.4,311.3,1587,53.6,85,0
495,L,299.5,308.2,1673,36.4,207,0
496,H,300.8,308.4,1790,45.3,142,0
497,M,298.4,307.1,1497,37.5,25,0
498,L,298.2,308.2,1304,24.6,17,0
499,M,299.1,307.5,1579,34.9,160,0
500,L,301.9,311.5,1592,44.2,159,1
501,M,297.3,307.4,1502,26.4,232,0
502,L,297.9,306.7,1141,45.7,83,0
503,M,299.9,308.3,1367,23.0,117,0
504,L,300.9,311.3,1610,21.1,30,0
505,M,298.5,310.2,1623,40.0,143,0
506,L,302.6,311.6,1535,31.1,205,1
507,H,300.1,309.7,1373,50.4,135,0
508,H,297.4,307.8,1259,44.1,163,0
509,H,303.8,316.1,1610,40.1,111,0
510,L,297.8,308.1,1497,41.5,39,0
511,M,299.5,311.3,1613,36.4,171,0
512,L,304.0,313.5,1507,38.1,99,0
513,H,299.9,309.1,2022,34.9,179,0
514,L,301.4,311.7,1337,53.2,190,0
515,L,298.0,306.3,1478,33.8,248,0
516,L,299.6,310.9,1343,20.7,140,0
517,L,298.8,308.7,1402,40.2,123,1
518,L,299.8,308.3,1470,46.6,22,0
519,L,300.1,308.9,1775,46.8,126,0
520,L,299.4,308.2,1430,27.1,234,0
521,M,299.2,305.9,1396,45.2,101,0
522,H,303.5,311.4,1622,28.8,232,0
523,M,296.9,306.8,1802,38.5,140,0
524,L,300.5,310.9,1473,52.6,220,0
525,L,300.0,309.5,1498,34.3,104,0
526,H,300.1,310.3,1680,35.2,183,0
527,M,295.4,305.2,1272,57.2,241,0
528,H,302.1,312.5,1544,37.1,111,0
529,H,299.2,310.3,1345,40.7,242,0
530,M,299.3,308.9,1663,24.0,135,0
531,M,301.6,310.8,1790,50.8,126,0
532,M,298.8,309.3,1444,40.8,165,0
533,M,303.2,314.1,2057,37.6,23,0
534,L,304.0,314.2,1541,39.7,205,0
535,M,296.6,308.4,1828,31.5,12,0
536,L,301.6,310.6,1277,46.1,71,0
537,H,297.5,307.4,1779,44.6,232,0
538,H,297.5,309.0,1014,28.0,213,1
539,H,301.0,311.1,1745,53.3,143,0
540,L,300.1,311.6,1748,51.4,147,0
541,L,297.6,307.1,1538,38.7,72,0
542,L,297.0,305.9,1520,25.1,211,0
543,L,300.2,310.4,1432,29.9,29,0
544,L,299.6,310.7,1332,50.9,148,0
545,L,300.5,309.9,1424,38.7,169,0
546,M,303.0,313.0,1608,22.5,94,0
547,L,298.9,308.3,1469,33.4,212,0
548,M,302.2,314.2,1609,36.6,63,0
549,M,300.5,309.6,1366,44.7,137,0
550,L,302.1,314.0,1861,31.2,18,0
551,L,300.3,309.2,1433,31.1,50,0
552,L,301.5,311.0,1330,21.4,212,0
553,M,298.8,308.8,1281,47.8,73,0
554,L,297.3,307.7,1471,39.2,60,0
555,M,302.1,313.2,1383,36.1,125,0
556,H,294.2,304.7,1450,41.7,161,0
557,M,297.8,307.5,1589,23.6,197,0
558,M,297.6,307.1,1259,44.2,100,0
559,M,299.8,310.4,1663,29.7,76,0
560,L,300.7,309.7,1464,35.3,12,0
561,L,297.3,307.3,1542,36.8,234,0
562,M,298.0,308.3,1471,39.8,91,0
563,L,297.6,308.1,1465,58.9,91,0
564,L,301.0,312.3,1467,43.9,183,0
565,M,301.5,311.2,1651,52.8,24,0
566,L,300.6,311.8,1840,32.1,93,0
567,L,299.1,309.2,1333,31.8,42,0
568,H,298.4,308.7,1578,22.1,244,0
569,L,304.8,315.7,1446,27.0,70,0
570,M,297.1,306.7,1548,50.1,149,0
571,H,299.5,308.7,1937,34.3,246,0
572,H,297.9,310.3,1682,45.7,208,0
573,H,299.1,309.1,1398,48.7,177,0
574,L,298.7,308.1,1763,39.7,16,0
575,H,301.3,312.3,1686,51.8,143,0
576,M,303.5,314.9,1414,23.1,142,0
577,H,300.1,310.0,1844,42.0,145,0
578,M,299.3,308.5,1776,29.2,137,0
579,L,298.1,309.0,1708,56.4,153,0
580,L,301.3,311.4,1443,36.7,172,0
581,M,302.3,313.5,1601,38.2,38,0
582,L,299.7,307.3,1541,26.0,233,0
583,L,300.0,310.8,1564,50.8,113,0
584,L,302.0,313.1,1619,29.4,168,0
585,H,298.0,308.2,1971,37.5,133,0
586,L,302.4,313.5,1040,61.1,191,0
587,L,299.5,308.7,1725,36.4,5,0
588,H,300.5,309.8,1649,37.9,89,0
589,L,299.0,310.0,1642,42.9,158,0
590,H,301.7,310.8,1606,40.1,131,0
591,H,299.8,309.2,1289,32.3,246,0
592,H,300.4,311.5,1482,31.3,114,0
593,L,300.0,312.3,1531,32.5,130,0
594,H,302.0,312.0,1436,62.9,8,0
595,L,300.1,309.3,1596,27.7,228,0
596,M,301.9,311.1,1690,61.5,192,0
597,M,300.8,311.0,1287,20.2,28,0
598,H,300.2,310.4,1411,55.1,217,0
599,M,295.9,306.5,1783,40.5,180,0
600,M,299.7,309.6,1446,43.5,233,0
601,M,300.6,311.4,1415,34.9,161,0
602,M,298.1,307.8,1658,31.0,156,0
603,L,300.9,310.0,1804,41.2,214,1
604,L,301.5,311.6,1268,52.2,129,0
605,H,298.8,307.5,1386,41.5,204,0
606,M,298.1,307.2,1633,56.4,186,0
607,L,301.9,310.0,1457,40.7,158,0
608,H,299.9,309.9,1692,35.2,65,0
609,L,298.9,308.9,1204,37.2,51,0
610,M,300.7,310.5,1655,47.9,70,0
611,H,301.9,311.6,1421,52.9,181,1
612,M,302.0,311.6,1523,24.2,166,0
613,L,302.9,314.6,1633,43.7,23,0
614,M,301.0,310.4,1738,31.6,147,0
615,M,301.0,311.5,1589,50.7,91,0
616,L,298.1,308.9,1297,48.1,208,0
617,L,300.3,310.6,1527,51.5,165,0
618,L,299.9,310.2,1574,43.1,154,0
619,L,302.0,312.8,1536,41.3,131,0
620,H,299.5,310.6,1574,50.0,232,0
621,L,298.9,308.5,1686,26.0,220,0
622,L,301.5,309.6,1629,43.7,32,0
623,H,301.6,311.8,1740,35.9,100,0
624,L,302.9,314.3,1790,53.2,8,0
625,L,302.2,310.3,1639,36.4,174,0
626,H,299.7,311.1,1471,39.2,119,1
627,L,297.3,308.1,1540,17.2,89,0
628,M,298.4,310.1,1720,22.6,42,0
629,L,303.6,315.0,1307,43.9,111,0
630,L,299.4,309.3,1689,27.6,182,0
631,M,298.1,310.1,1629,68.2,23,0
632,L,296.8,306.8,1336,34.4,209,1
633,L,300.5,313.0,1872,37.8,109,0
634,L,300.0,310.0,1607,62.6,31,0
635,L,299.8,308.7,1624,34.5,169,0
636,M,301.6,312.1,1515,40.3,207,0
637,H,301.4,311.0,1525,51.3,146,0
638,H,299.2,309.6,1911,46.1,78,0
639,L,300.4,309.8,1616,37.1,79,0
640,L,298.0,306.4,1755,37.9,44,0
641,L,298.1,308.3,1708,52.2,150,0
642,L,299.6,309.8,1822,37.6,116,0
643,L,301.3,312.5,2054,38.1,236,0
644,L,300.6,310.2,1752,42.8,222,0
645,L,302.0,310.9,1739,43.2,67,0
646,L,299.7,309.1,1500,40.1,133,0
647,M,299.9,311.1,1549,58.6,142,0
648,H,300.7,310.5,1432,14.3,74,0
649,L,298.1,309.0,1605,41.6,198,0
650,M,302.2,312.6,1619,36.5,107,0
651,M,299.6,309.5,1092,38.2,163,0
652,L,299.7,308.5,1531,43.0,198,0
653,M,300.6,310.3,1322,50.2,10,0
654,L,299.6,310.0,1436,35.1,123,0
655,M,299.5,311.0,1312,52.5,40,0
656,H,300.4,310.0,1492,41.7,246,0
657,L,297.4,309.1,1806,25.0,219,0
658,M,300.9,310.9,1522,46.4,23,0
659,M,298.6,308.9,1472,48.1,199,1
660,L,300.7,310.7,1596,43.9,123,0
661,L,302.4,313.0,1815,36.9,235,1
662,M,300.6,310.2,1463,47.2,22,1
663,L,300.0,311.4,1647,47.6,174,0
664,H,302.2,312.5,1469,23.5,245,0
665,L,301.7,311.9,1466,55.5,82,0
666,L,302.2,312.3,1468,39.6,217,0
667,M,300.5,312.5,1661,46.8,36,0
668,M,300.2,311.6,1466,39.8,209,0
669,M,298.8,308.5,1578,40.9,214,0
670,M,299.1,310.2,1405,50.7,245,0
671,L,300.4,310.1,1121,37.9,30,0
672,H,303.2,313.1,1451,42.6,79,0
673,L,297.6,305.9,1388,44.6,40,0
674,L,305.2,316.5,1813,37.1,236,0
675,L,297.6,308.5,1614,30.4,8,0
676,L,298.2,307.7,1505,42.8,242,0
677,L,303.9,313.9,1511,12.1,182,0
678,H,297.7,307.0,1325,32.0,50,0
679,L,301.9,311.7,1612,39.0,127,0
680,L,300.2,311.5,1794,45.2,237,0
681,L,304.0,314.5,1541,32.9,113,0
682,L,295.0,305.9,1424,41.0,109,0
683,M,296.8,307.1,1632,42.0,115,0
684,H,301.0,310.9,1696,58.5,121,0
685,L,298.5,309.3,1601,40.4,126,0
686,H,299.4,310.1,1264,34.1,229,0
687,L,300.4,309.2,1348,43.5,237,0
688,H,299.4,309.2,1251,40.4,158,0
689,L,304.5,313.3,1654,60.6,121,0
690,L,302.9,313.8,1255,30.2,171,0
691,H,299.6,310.4,1432,22.8,241,0
692,H,297.0,306.2,1595,38.8,79,0
693,L,302.6,312.6,1511,57.3,170,0
694,M,298.6,310.1,1522,54.6,197,1
695,L,295.4,307.1,1394,50.9,112,0
696,L,304.3,316.4,1858,35.8,224,1
697,M,297.7,307.8,1366,41.2,237,0
698,M,302.3,312.5,1467,41.4,58,0
699,L,301.7,311.9,1677,30.9,90,0
700,H,297.1,306.9,1376,43.8,164,0
701,L,303.1,313.0,1594,44.6,61,0
702,L,297.1,307.7,1528,46.3,158,1
703,M,297.6,309.0,1426,36.8,90,0
704,L,300.1,310.2,1359,40.9,63,0
705,M,298.8,307.3,1240,37.8,82,0
706,L,303.4,312.8,1497,42.1,22,0
707,L,298.8,310.0,1622,29.0,116,0
708,L,297.4,305.5,1606,67.5,27,0
709,M,302.3,310.0,1605,47.6,189,0
710,L,299.0,309.1,1430,34.7,24,0
711,M,301.4,312.2,1426,35.5,187,0
712,L,296.8,307.2,1794,42.5,171,0
713,L,301.1,310.8,1419,43.9,44,0
714,M,300.1,309.8,1495,36.7,41,0
715,L,294.2,304.0,1234,39.6,151,0
716,M,300.4,310.9,1760,45.4,58,0
717,L,302.1,311.6,1345,57.4,47,0
718,M,298.7,309.0,1567,28.4,87,0
719,M,298.5,308.0,1353,30.7,18,0
720,L,297.8,308.9,1578,24.6,79,0
721,L,299.0,308.3,1854,16.9,53,0
722,M,299.8,311.2,1753,31.4,242,0
723,L,298.2,306.9,1475,44.9,227,0
724,H,300.0,308.9,1885,28.8,219,0
725,H,298.8,307.8,1600,36.8,167,0
726,H,300.3,309.8,1544,50.1,120,0
727,L,300.5,309.8,1407,51.0,149,0
728,L,298.6,309.8,1296,30.9,139,0
729,H,299.6,310.2,1393,55.6,148,0
730,H,299.8,310.2,1439,33.7,221,0
731,M,301.0,310.2,1474,55.8,186,0
732,L,300.5,311.0,1530,49.3,232,1
733,L,302.3,313.6,1852,31.1,111,0
734,H,298.9,307.5,1682,55.9,162,0
735,L,299.5,307.6,1572,52.6,60,0
736,L,298.3,307.3,1444,42.5,205,0
737,M,299.4,308.4,1249,43.3,41,0
738,L,299.5,307.8,1653,53.9,85,0
739,M,301.3,311.4,1667,45.9,236,0
740,L,299.9,308.9,1832,39.0,26,0
741,L,301.3,312.7,1712,48.9,68,0
742,L,299.8,309.1,1510,32.4,55,0
743,H,304.9,314.4,1659,39.5,203,0
744,M,298.9,309.6,1893,45.2,14,0
745,L,300.6,312.1,1596,40.3,132,0
746,L,296.7,306.7,1801,43.3,245,0
747,M,299.2,308.8,1439,43.0,58,0
748,L,302.5,312.4,1383,19.9,231,0
749,L,302.2,312.2,1643,42.1,80,0
750,L,301.4,312.3,1864,34.3,155,0
751,H,299.4,310.7,1207,51.1,163,0
752,M,303.7,312.1,1548,35.9,188,0
753,L,300.8,309.5,1614,39.7,44,0
754,L,301.1,310.4,1295,50.4,19,0
755,H,299.2,308.2,1235,42.7,212,1
756,M,301.5,310.5,1448,30.9,121,0
757,L,299.5,310.8,1799,38.9,64,0
758,L,299.2,309.7,2025,41.2,178,0
759,M,302.3,312.0,1737,43.9,46,0
760,L,299.4,310.2,1602,33.9,234,1
761,L,300.4,312.5,1661,34.7,147,0
762,L,300.0,309.2,1467,42.4,26,0
763,H,301.1,310.1,1640,42.4,249,1
764,L,300.0,310.1,1589,38.3,129,0
765,L,298.3,308.8,1420,34.4,208,0
766,L,299.6,308.3,1446,49.9,59,0
767,L,300.8,310.4,1618,37.7,239,0
768,M,301.4,311.3,1563,32.5,151,1
769,L,300.5,310.4,1625,34.4,214,0
770,L,302.7,311.5,1330,55.5,149,0
771,M,303.1,311.6,1794,42.2,135,0
772,H,299.4,310.2,1672,55.8,70,0
773,M,300.4,311.3,1715,42.5,95,0
774,H,298.7,307.7,1873,38.9,143,0
775,L,300.0,309.0,1330,45.0,126,0
776,M,298.2,307.5,1414,38.4,160,0
777,H,298.2,306.0,1575,31.2,180,0
778,H,301.8,311.2,1610,48.4,5,0
779,L,299.3,310.4,1384,43.8,202,0
780,L,297.0,305.9,1551,46.1,225,0
781,M,301.4,310.8,1380,40.9,97,0
782,L,299.7,308.4,1734,50.1,193,0
783,M,296.7,306.9,1256,52.4,142,0
784,M,300.8,311.5,1653,43.7,183,0
785,L,300.3,310.5,1590,51.6,238,0
786,H,302.4,312.6,2026,49.8,142,0
787,M,298.5,308.7,1356,41.4,73,0
788,M,298.6,308.7,1689,37.8,9,0
789,M,296.7,306.7,1573,33.6,112,0
790,L,301.6,311.9,1635,28.0,177,0
791,M,303.2,312.7,1672,42.2,175,0
792,L,304.9,314.7,1379,33.0,68,0
793,M,301.0,311.6,1709,15.5,244,0
794,H,300.6,310.7,1538,23.5,92,0
795,H,299.5,310.6,1348,51.2,71,0
796,L,299.7,307.8,1372,41.0,128,0
797,L,299.4,308.4,1406,36.1,214,1
798,M,299.8,309.9,1572,47.6,4,0
799,M,301.3,312.3,1494,43.7,25,0
800,H,299.6,309.4,1761,51.0,158,0
