측정시각,sensor_01,sensor_02,sensor_03,sensor_04,sensor_05,sensor_06,sensor_07,sensor_08,sensor_09,sensor_10,sensor_11,sensor_12,sensor_13,sensor_14,sensor_15,sensor_16,sensor_17,sensor_18,sensor_19,sensor_20,판정
2022-01-05 08:00,42.89,284.62,,274.1,44.26,,24.69,65.21,861.92,71.71,,51.83,60.73,,329.13,,860.2,859.95,100.56,,-1
2022-01-05 08:04,100.0,290.66,319.9,277.68,,75.7,24.67,68.07,859.75,72.29,55.36,50.02,60.88,329.41,329.01,99.67,860.28,,100.49,860.14,-1
2022-01-05 08:08,100.0,294.15,321.08,281.49,45.36,72.49,24.79,67.77,853.98,70.11,55.24,50.78,61.02,329.42,329.02,99.76,860.18,859.99,100.32,860.1,1
2022-01-05 08:12,54.73,295.26,322.13,285.05,46.9,71.84,24.54,67.47,857.67,70.82,55.09,50.86,61.22,329.5,329.04,99.96,859.76,859.95,100.34,860.05,-1
2022-01-05 08:16,58.6,294.5,323.44,287.58,47.78,,23.39,65.94,861.05,,54.86,51.06,61.38,329.46,329.12,100.17,859.65,859.84,100.37,860.13,-1
2022-01-05 08:20,100.0,292.4,324.42,288.72,45.13,,23.27,67.67,855.02,73.06,55.13,49.86,61.5,329.5,329.03,100.36,,,100.44,860.02,-1
2022-01-05 08:24,61.3,289.44,325.4,288.51,46.09,,21.64,67.24,857.58,69.25,54.89,,61.57,329.52,329.05,100.07,859.99,860.45,100.33,859.92,-1
2022-01-05 08:28,85.73,285.8,326.39,287.12,,71.0,21.18,67.94,858.55,70.48,,51.3,61.76,329.48,329.01,99.83,859.77,,100.16,859.88,-1
2022-01-05 08:32,71.56,282.16,327.26,285.08,46.25,72.87,21.18,68.7,859.24,72.14,55.06,50.17,61.9,329.44,,99.78,859.9,,100.06,859.96,-1
2022-01-05 08:36,53.17,278.14,328.13,282.34,48.5,73.41,22.5,65.11,860.75,72.86,,,62.04,,329.17,99.74,,859.82,99.95,859.91,-1
2022-01-05 08:40,91.45,274.18,328.99,279.36,,71.83,24.62,72.5,858.77,71.5,54.76,,62.23,329.48,328.76,99.93,859.81,860.08,99.9,859.87,-1
2022-01-05 08:44,54.41,270.76,329.84,276.2,48.01,,25.84,67.81,860.41,71.78,,,62.42,329.43,329.02,99.97,860.02,,99.87,860.01,-1
2022-01-05 08:48,74.1,269.0,330.66,273.15,46.23,,23.35,68.51,860.81,69.88,54.98,49.78,62.51,329.45,328.98,100.02,,,99.86,860.16,-1
2022-01-05 08:52,34.65,269.76,331.49,,,75.94,24.57,68.08,861.7,70.9,54.74,51.32,62.66,329.48,329.0,100.11,860.5,,99.95,860.12,-1
2022-01-05 08:56,100.0,273.1,332.37,269.22,43.86,74.13,23.39,66.55,,,54.51,51.89,62.87,329.5,329.09,99.9,,860.17,99.98,860.01,-1
2022-01-05 09:00,75.4,278.75,333.26,269.36,45.21,,24.03,68.45,858.68,72.06,54.36,,62.91,329.46,328.98,99.8,,860.0,99.95,859.78,-1
2022-01-05 09:04,75.63,285.59,334.06,270.89,,71.9,23.0,66.32,858.93,73.59,54.96,52.94,63.09,329.45,329.1,100.05,859.54,859.56,99.95,859.84,-1
2022-01-05 09:08,63.23,291.4,334.94,273.46,46.75,72.77,23.97,66.16,860.07,71.5,,52.62,63.24,329.46,329.11,100.07,859.86,859.82,99.97,859.79,-1
2022-01-05 09:12,77.69,294.75,335.81,276.78,45.22,,24.75,67.19,859.33,71.45,,49.92,63.32,329.46,329.05,100.09,,859.76,100.11,860.11,-1
2022-01-05 09:16,78.02,295.6,336.53,280.44,44.36,72.3,24.71,67.26,859.08,70.95,54.91,51.31,63.55,329.4,329.05,99.83,860.18,,100.03,860.11,-1
2022-01-05 09:20,43.5,294.66,337.32,284.02,44.8,74.21,23.66,68.66,861.88,70.73,,,63.66,329.38,329.03,99.82,,860.43,100.05,860.09,-1
2022-01-05 09:24,92.03,292.39,338.04,286.75,,,22.55,70.06,859.0,72.16,55.8,,63.77,329.36,328.9,99.93,860.16,860.17,100.06,860.02,-1
2022-01-05 09:28,82.85,289.43,338.81,288.06,44.47,73.03,22.57,69.39,858.62,,55.5,51.67,63.38,329.4,328.93,100.03,860.21,860.02,100.1,859.94,-1
2022-01-05 09:32,64.26,,339.53,288.11,43.83,,21.86,69.56,860.97,70.67,55.58,53.63,63.13,329.38,328.92,100.14,860.14,,100.09,859.8,-1
2022-01-05 09:36,95.71,282.08,340.24,286.94,45.03,71.42,21.34,66.54,859.14,71.86,55.78,52.21,62.92,329.37,,100.3,859.86,859.75,100.13,859.79,-1
2022-01-05 09:40,70.47,278.22,341.07,285.1,44.62,,21.89,66.71,859.38,70.8,56.33,51.73,63.39,329.36,329.08,100.22,859.79,859.86,100.18,859.84,-1
2022-01-05 09:44,48.33,274.04,341.66,282.34,45.79,76.48,22.29,66.87,861.87,73.3,56.42,52.73,63.32,329.29,329.07,99.91,859.72,859.92,100.11,859.89,-1
2022-01-05 09:48,100.0,270.66,341.64,279.52,45.84,75.56,23.05,67.14,857.24,74.3,,51.63,63.42,329.4,329.06,99.76,859.82,859.96,100.03,860.06,-1
2022-01-05 09:52,82.0,269.06,341.08,276.51,48.39,,22.9,66.11,857.42,69.76,56.04,51.52,63.47,329.34,329.11,,859.7,860.27,100.08,860.18,-1
2022-01-05 09:56,62.31,269.84,340.46,273.56,49.71,,20.65,67.48,860.33,70.88,55.6,,63.52,329.38,329.04,100.73,859.31,,100.26,860.23,-1
2022-01-05 10:00,49.6,273.33,339.66,271.1,,,17.55,65.45,861.44,72.05,,52.05,63.7,329.37,329.15,100.41,859.42,859.99,100.38,860.16,-1
2022-01-05 10:04,98.53,278.86,338.93,269.7,47.45,70.93,20.74,66.35,857.77,70.78,55.06,,63.83,329.39,,99.86,859.8,859.94,100.19,860.41,-1
2022-01-05 10:08,74.86,285.7,338.27,269.83,,72.24,17.83,66.39,859.19,,55.03,,63.89,329.39,329.1,99.8,860.42,860.37,100.13,860.59,-1
2022-01-05 10:12,73.3,291.55,337.6,271.35,45.03,,21.26,67.76,860.04,71.21,55.11,,63.89,329.43,329.02,,860.33,,100.0,860.32,-1
2022-01-05 10:16,83.26,295.02,336.92,273.98,43.58,72.4,20.09,66.73,858.99,71.24,55.19,49.9,64.06,329.43,329.08,,,859.98,99.88,860.14,-1
2022-01-05 10:20,54.62,295.98,336.3,277.16,,,22.86,64.8,861.27,71.23,,50.62,64.18,329.48,329.18,99.84,860.31,859.71,99.8,859.99,-1
2022-01-05 10:24,96.18,295.12,335.66,280.76,,71.75,21.35,66.17,858.75,,54.85,50.67,64.22,329.4,329.11,99.88,860.17,,99.72,859.85,-1
2022-01-05 10:28,77.49,292.97,334.98,284.16,44.54,74.14,23.3,65.27,859.69,,,51.93,64.39,329.45,329.16,99.88,860.17,859.81,99.78,859.72,-1
2022-01-05 10:32,70.87,289.97,334.41,286.84,45.31,,22.01,67.74,860.54,70.66,54.58,52.16,64.31,329.44,329.02,100.04,,859.86,99.88,859.64,-1
2022-01-05 10:36,71.04,286.21,333.78,288.21,46.78,74.59,20.76,69.37,859.96,72.15,,51.88,64.41,329.46,,,859.81,859.89,100.04,859.74,-1
2022-01-05 10:40,52.42,282.34,333.15,288.06,46.8,,20.78,69.77,861.43,70.01,55.07,51.1,64.44,329.44,328.91,100.24,859.91,860.12,100.08,859.96,-1
2022-01-05 10:44,97.75,278.34,332.62,286.82,43.92,68.89,18.67,67.98,859.54,70.53,55.27,,64.53,329.42,329.01,,860.14,,100.23,859.88,-1
2022-01-05 10:48,84.06,274.44,332.1,284.88,,67.54,20.7,65.35,857.71,71.36,55.64,52.03,64.74,329.38,329.16,100.23,860.3,860.19,100.26,859.97,-1
2022-01-05 10:52,100.0,270.86,331.53,282.23,,70.43,17.89,65.95,,,55.35,52.05,64.78,329.41,329.12,99.97,860.0,860.02,100.12,859.74,-1
2022-01-05 10:56,81.71,269.0,,279.21,47.43,74.61,21.27,68.45,859.27,,54.97,,64.65,329.39,328.98,99.52,,,99.98,859.92,-1
2022-01-05 11:00,78.7,269.78,330.38,276.32,,72.85,22.86,67.62,860.12,73.08,55.09,,64.74,329.38,329.03,99.55,,,99.76,859.84,-1
2022-01-05 11:04,88.04,272.96,329.93,273.43,45.26,72.44,23.27,66.89,859.58,69.04,55.79,49.58,64.96,329.42,329.07,99.96,859.88,,99.74,860.43,-1
2022-01-05 11:08,77.41,278.34,329.43,271.09,46.37,71.16,21.12,65.87,859.84,69.08,55.29,50.14,65.01,329.42,329.07,100.25,860.13,860.4,99.91,860.68,-1
2022-01-05 11:12,79.54,284.92,328.98,270.09,,70.77,21.37,65.17,860.31,69.93,55.49,,65.05,329.4,329.16,100.17,,860.13,100.01,860.22,-1
2022-01-05 11:16,84.45,291.08,328.48,270.45,46.14,,22.16,,859.8,70.4,,49.35,65.16,329.45,328.98,,,860.18,100.0,860.21,-1
2022-01-05 11:20,81.25,294.56,327.97,272.12,45.97,70.74,22.94,69.5,859.94,69.9,54.91,49.48,65.2,329.46,328.93,,860.05,,99.91,860.1,-1
2022-01-05 11:24,82.0,295.57,327.52,274.59,47.98,72.57,21.96,66.74,859.98,72.6,,51.4,65.23,329.43,329.08,99.8,,,99.82,859.82,-1
2022-01-05 11:28,78.82,294.71,327.12,,,75.09,23.26,67.68,860.02,73.71,55.18,,65.32,329.37,329.03,,859.43,,99.84,859.6,-1
2022-01-05 11:32,82.06,292.65,326.62,281.08,49.24,73.9,23.18,67.11,859.96,72.73,56.06,,65.3,329.39,329.06,99.97,859.48,,99.86,859.65,-1
2022-01-05 11:36,80.67,289.74,326.23,,48.03,71.37,24.42,65.64,859.99,68.83,,,64.83,329.41,329.08,99.99,859.89,860.18,99.92,860.11,-1
2022-01-05 11:40,78.42,286.1,325.81,286.53,50.08,,23.3,64.84,860.03,72.67,56.18,51.61,64.52,329.32,329.18,99.92,859.73,859.68,99.91,859.93,-1
2022-01-05 11:44,79.51,282.25,325.43,287.69,47.92,75.09,26.89,65.57,860.21,71.42,,51.98,64.8,329.27,329.14,99.63,859.84,859.96,99.85,859.91,-1
2022-01-05 11:48,73.7,278.24,325.08,287.46,50.13,73.76,26.16,64.69,860.43,69.83,57.39,,64.88,329.19,,99.57,859.8,,99.73,860.05,-1
2022-01-05 11:52,69.42,274.22,324.71,286.19,,75.16,26.37,69.51,860.62,72.13,57.12,50.48,64.8,329.22,328.93,99.8,859.98,859.82,99.75,860.16,-1
2022-01-05 11:56,87.36,270.73,324.32,284.12,,,23.21,69.17,859.3,,57.54,50.64,64.77,329.17,328.88,100.19,860.08,,99.96,860.26,-1
2022-01-05 12:00,73.87,268.97,323.93,281.62,44.37,73.17,24.68,67.5,860.1,69.89,,,64.92,329.2,329.04,100.27,860.69,,100.16,860.48,-1
2022-01-05 12:04,75.96,269.44,323.52,278.77,45.63,74.41,22.76,67.66,860.13,69.29,57.47,47.9,64.87,329.18,329.03,99.97,860.65,,100.21,860.43,-1
2022-01-05 12:08,66.22,272.53,323.09,,46.61,,21.25,69.11,861.19,70.15,57.7,49.68,64.93,329.15,328.95,99.89,860.25,859.99,100.19,860.11,-1
2022-01-05 12:12,89.74,278.0,322.68,,47.07,,22.58,67.54,859.18,70.2,57.5,,65.0,329.17,329.04,100.08,860.0,,100.19,859.9,-1
2022-01-05 12:16,59.8,285.06,,,,,21.99,63.85,860.5,72.5,57.28,50.27,65.03,329.2,329.24,100.33,860.02,,100.28,859.76,-1
2022-01-05 12:20,87.74,290.95,321.9,270.6,48.77,72.54,21.68,63.24,859.86,71.99,57.0,,65.14,329.29,329.27,100.34,859.81,,100.32,859.64,-1
2022-01-05 12:24,69.94,294.65,321.51,271.37,,72.37,19.41,60.54,860.09,70.88,56.75,,65.24,329.21,329.37,100.08,,860.12,100.37,859.81,-1
2022-01-05 12:28,82.24,295.64,321.04,,,74.6,19.43,62.24,,71.81,56.5,,65.32,329.28,329.33,99.72,859.93,859.95,100.14,859.89,-1
2022-01-05 12:32,76.22,294.79,320.62,276.05,49.41,,18.42,66.53,859.49,70.12,56.45,50.55,65.52,329.29,329.09,100.04,,,100.09,859.96,-1
2022-01-05 12:36,13.95,292.49,320.13,279.38,,68.7,17.21,69.69,863.53,,,,65.45,329.3,328.92,100.54,859.87,859.96,100.29,859.9,-1
2022-01-05 12:40,100.0,289.5,319.81,282.61,49.89,70.03,17.34,67.52,857.49,70.74,56.38,,65.38,329.36,329.04,100.28,859.75,859.96,100.33,859.84,-1
2022-01-05 12:44,84.45,285.86,319.44,285.51,50.32,,21.48,69.12,856.29,70.05,56.1,52.54,65.5,329.33,328.95,,859.79,860.12,100.07,859.94,-1
2022-01-05 12:48,76.22,282.07,319.01,287.27,50.58,,21.32,67.06,859.96,72.41,55.62,49.14,65.62,329.38,329.06,99.16,859.53,,99.77,860.24,-1
2022-01-05 12:52,100.0,277.89,318.72,287.74,,77.3,24.01,62.8,855.86,71.26,,51.61,65.63,329.31,329.3,99.66,,,99.58,860.06,-1
2022-01-05 12:56,67.07,273.85,318.93,287.0,49.63,,20.47,63.57,858.15,74.49,56.09,,65.84,329.32,329.25,100.24,860.08,859.7,99.73,860.15,-1
2022-01-05 13:00,63.64,270.56,319.89,285.37,,73.44,22.18,62.11,860.17,68.23,56.01,,65.82,329.28,329.33,100.16,860.16,,99.95,860.24,-1
2022-01-05 13:04,3.38,268.92,321.01,,46.06,,21.91,67.23,864.11,70.24,,,65.84,329.29,329.11,99.81,860.55,860.3,99.85,860.44,-1
2022-01-05 13:08,100.0,269.86,,,45.81,,23.24,69.03,855.73,69.04,56.18,,65.97,329.32,,99.88,860.64,,99.98,860.28,-1
2022-01-05 13:12,94.89,273.58,323.47,277.81,45.29,73.85,21.36,70.73,854.43,69.19,55.88,,66.04,329.35,328.86,100.07,860.59,860.16,99.93,860.23,1
2022-01-05 13:16,58.14,279.58,324.6,275.0,46.71,,21.0,68.87,858.23,72.51,55.41,48.14,66.08,329.4,328.96,,,859.33,100.11,860.26,-1
2022-01-05 13:20,59.63,286.4,325.64,272.58,45.56,,20.71,60.72,859.93,70.15,,50.36,66.2,,329.41,100.13,859.94,,100.19,859.66,-1
2022-01-05 13:24,75.22,292.06,326.56,271.04,43.63,,18.3,64.15,858.74,68.58,55.24,,66.27,329.42,329.22,100.0,860.5,860.09,100.18,859.9,-1
2022-01-05 13:28,76.97,295.18,327.47,270.8,43.44,75.29,19.82,60.76,859.43,68.42,,,66.2,329.43,329.41,99.88,,,100.12,860.09,-1
2022-01-05 13:32,100.0,295.9,328.34,271.84,42.28,73.97,18.66,60.8,855.83,,,,66.27,329.42,329.4,99.82,860.76,860.1,100.06,860.09,-1
2022-01-05 13:36,71.89,,329.21,273.88,45.92,76.03,20.36,67.16,858.2,70.6,55.65,50.93,66.41,329.38,329.06,,,,100.09,859.79,-1
2022-01-05 13:40,83.76,292.45,330.06,276.7,48.11,73.85,21.67,72.23,859.12,71.33,56.05,,65.97,329.33,328.78,99.95,859.25,859.52,100.0,859.52,-1
2022-01-05 13:44,77.58,289.17,330.93,279.88,47.43,73.06,19.66,65.45,859.45,70.53,,50.12,65.62,329.34,329.15,,859.33,859.84,100.08,859.97,-1
2022-01-05 13:48,79.57,285.63,331.74,283.02,48.89,,15.87,65.91,859.75,68.02,,48.94,65.58,329.39,,100.56,859.39,,100.25,860.29,-1
2022-01-05 13:52,79.4,281.64,332.45,285.77,,75.34,18.62,67.61,859.92,68.69,55.19,,65.82,329.43,329.03,100.13,,,100.2,860.36,-1
2022-01-05 13:56,80.87,277.6,333.3,,48.16,74.42,19.64,63.72,859.91,67.73,54.81,,65.83,329.47,329.24,99.91,859.76,,100.06,860.31,-1
2022-01-05 14:00,74.82,273.35,334.2,287.52,48.41,74.56,19.18,62.25,860.33,69.59,,,65.77,329.5,329.33,99.79,859.82,860.04,99.95,860.25,-1
2022-01-05 14:04,82.86,270.16,334.99,286.56,,73.28,19.05,63.29,859.71,68.87,54.49,48.63,65.83,329.5,329.27,99.98,859.82,859.98,99.96,860.06,-1
2022-01-05 14:08,78.84,268.8,335.78,284.71,49.58,,21.49,64.59,860.01,70.35,54.61,50.97,65.95,329.43,329.2,100.1,859.87,859.78,100.02,859.87,-1
2022-01-05 14:12,72.03,270.01,336.63,282.24,,73.34,18.52,68.19,860.0,70.13,54.76,,65.94,329.48,329.0,100.15,,859.89,100.06,859.85,-1
2022-01-05 14:16,71.84,273.83,337.42,279.64,50.12,72.5,19.07,63.6,860.62,70.15,54.63,,65.94,329.49,329.25,100.16,,860.02,100.07,859.98,-1
2022-01-05 14:20,80.87,279.83,338.15,276.94,48.73,71.02,17.87,64.77,859.86,68.67,54.67,,65.94,329.49,329.19,100.22,860.1,860.14,100.07,860.1,-1
2022-01-05 14:24,83.43,286.74,338.89,274.25,47.42,72.1,19.16,63.51,859.62,69.65,,48.28,66.01,329.5,329.26,99.99,860.3,859.96,100.03,860.11,-1
2022-01-05 14:28,72.22,292.45,339.63,272.08,46.31,72.81,17.95,63.08,860.51,71.6,53.79,47.13,66.03,329.52,329.28,99.94,860.37,,100.05,860.19,-1
2022-01-05 14:32,86.45,295.45,340.39,270.82,,,18.47,59.39,859.97,69.82,54.14,49.77,66.11,329.48,329.48,100.09,,,100.07,859.9,-1
2022-01-05 14:36,75.73,296.22,341.25,270.73,47.09,,17.98,61.15,859.6,71.66,54.44,49.06,66.25,329.57,329.39,,,,100.09,859.98,-1
2022-01-05 14:40,89.21,295.26,341.64,271.92,45.19,,17.61,66.25,859.63,70.02,54.24,,66.15,329.59,329.11,100.0,,,99.99,860.0,-1
2022-01-05 14:44,78.84,292.92,341.5,273.91,46.53,71.56,15.62,63.42,859.72,69.81,54.51,51.42,66.07,329.51,329.26,99.86,,860.02,99.91,859.85,-1
2022-01-05 14:48,66.55,289.85,340.9,276.64,,73.75,22.27,66.18,861.06,71.38,54.75,49.77,66.21,329.54,,99.64,860.24,859.8,99.75,859.82,-1
2022-01-05 14:52,87.84,286.08,340.15,279.66,44.57,75.79,22.11,63.59,859.21,70.85,54.55,49.86,66.24,329.56,329.19,,,859.89,99.66,859.9,-1
2022-01-05 14:56,79.89,282.33,339.38,282.7,48.12,,21.08,65.16,859.74,69.48,54.23,50.17,66.2,329.53,329.23,100.49,,,99.93,859.81,-1
2022-01-05 15:00,84.88,278.27,338.68,,45.36,,20.21,66.96,859.9,69.47,53.92,51.05,66.24,329.57,329.08,100.71,860.03,,100.26,859.79,-1
2022-01-05 15:04,74.85,274.25,337.99,286.97,,73.17,19.99,66.33,860.24,,54.27,,66.27,329.47,329.1,100.25,859.74,860.23,100.24,859.81,-1
2022-01-05 15:08,84.49,270.75,337.24,287.27,,,20.8,63.13,859.91,70.91,,,66.26,329.59,329.28,99.56,859.66,859.85,99.98,859.86,-1
2022-01-05 15:12,85.29,269.02,336.51,286.53,46.48,74.16,20.14,64.46,859.59,70.77,53.87,49.44,66.32,329.57,329.2,99.62,,,99.79,859.91,-1
2022-01-05 15:16,70.09,269.7,335.9,285.01,47.53,70.13,20.13,64.33,860.71,68.67,,50.82,66.44,329.58,329.21,100.18,859.84,860.09,99.79,859.98,-1
2022-01-05 15:20,98.63,272.78,335.23,282.95,48.58,,19.42,65.29,859.34,70.54,53.15,49.13,66.51,329.65,329.16,100.36,859.96,,99.98,860.17,-1
2022-01-05 15:24,80.56,278.0,334.69,280.52,47.39,,20.52,63.96,859.35,70.73,53.04,,66.58,329.67,329.23,100.01,860.1,859.8,99.94,860.24,-1
2022-01-05 15:28,72.32,284.74,333.96,277.96,46.61,76.61,23.59,62.63,860.8,71.47,52.92,49.51,66.58,329.68,329.3,99.4,860.12,859.88,99.76,860.19,-1
2022-01-05 15:32,90.02,290.73,333.4,275.52,45.48,,25.33,62.6,859.6,71.8,52.87,47.52,66.57,329.68,329.31,99.39,,859.87,99.51,860.25,-1
2022-01-05 15:36,71.44,294.27,332.85,273.13,46.67,,22.35,67.09,860.02,,,49.99,66.64,329.62,329.06,99.77,860.1,859.8,99.64,860.18,-1
2022-01-05 15:40,75.05,295.41,332.28,271.4,47.27,73.72,26.33,66.22,860.76,71.95,53.57,50.71,66.74,329.67,329.11,100.05,,860.04,99.68,859.98,-1
2022-01-05 15:44,90.56,294.6,,270.95,45.89,,24.1,63.63,858.99,69.97,53.34,47.27,66.59,329.64,329.26,100.09,860.12,860.14,99.84,860.08,-1
2022-01-05 15:48,55.39,292.57,331.19,271.61,46.03,72.46,24.06,65.93,860.89,70.48,,49.52,66.13,329.69,329.12,100.12,,,100.0,860.05,-1
2022-01-05 15:52,96.77,289.58,330.66,273.26,46.4,,21.62,61.41,859.86,70.89,52.82,49.55,65.97,329.63,329.37,100.08,859.99,,100.07,859.94,-1
2022-01-05 15:56,88.4,286.11,330.15,275.54,46.72,74.63,21.53,63.44,858.81,71.02,53.84,48.48,66.06,329.64,329.26,99.8,859.94,859.89,100.1,859.89,-1
2022-01-05 16:00,67.75,282.37,329.64,278.27,49.47,76.44,22.99,60.16,,71.61,,50.26,66.04,329.51,329.44,,859.64,859.96,100.08,859.72,-1
2022-01-05 16:04,81.63,278.37,329.16,281.18,48.52,74.12,21.92,63.79,860.01,71.46,,51.27,66.11,329.49,329.24,100.08,859.69,860.06,100.19,859.7,-1
2022-01-05 16:08,84.5,274.44,328.68,283.92,46.48,,18.65,66.09,859.71,70.33,,49.57,65.99,329.48,329.11,100.34,859.95,860.06,100.26,859.96,-1
2022-01-05 16:12,82.79,270.89,328.18,286.06,45.72,,19.52,68.9,859.64,69.42,54.56,50.34,66.09,329.5,328.96,100.12,,860.28,100.28,859.94,-1
2022-01-05 16:16,79.61,268.92,327.81,287.09,,,21.59,66.87,860.0,69.78,54.63,50.4,66.09,329.49,,99.93,859.98,860.21,100.22,859.98,-1
2022-01-05 16:20,81.38,269.36,327.32,286.98,49.03,,20.27,65.71,860.05,72.16,54.58,,66.03,329.5,329.14,99.69,859.86,859.84,100.1,859.92,-1
2022-01-05 16:24,75.57,272.37,,,47.31,74.14,20.41,63.46,860.05,71.59,,49.91,66.15,329.5,329.26,100.06,859.92,859.84,100.05,860.05,-1
2022-01-05 16:28,78.78,277.44,326.4,284.22,47.56,,17.65,63.76,860.1,71.55,54.69,,66.27,,329.24,100.25,859.96,860.01,100.05,860.15,-1
2022-01-05 16:32,73.04,283.91,325.95,282.13,48.04,73.16,18.23,63.97,860.03,,54.81,49.95,66.26,329.47,329.23,100.23,,860.31,100.27,860.21,-1
2022-01-05 16:36,78.02,290.18,325.45,279.85,47.22,73.77,19.78,60.99,860.29,69.66,,,66.27,329.48,329.4,100.0,860.0,860.23,100.2,860.13,-1
2022-01-05 16:40,73.47,294.0,325.06,277.38,47.23,,19.81,65.79,860.48,70.25,54.6,48.97,66.34,329.49,329.13,99.76,,,99.99,860.04,-1
2022-01-05 16:44,92.95,295.39,324.62,274.79,,77.08,19.23,62.7,859.48,69.34,54.17,51.55,66.39,329.54,329.3,99.88,860.22,,99.92,859.91,-1
2022-01-05 16:48,84.95,294.76,324.25,272.51,46.52,72.99,18.36,63.01,859.09,69.17,54.33,49.29,66.45,329.46,329.28,100.05,,,100.04,859.95,-1
2022-01-05 16:52,22.21,292.86,323.85,270.89,45.59,,19.07,66.61,862.75,,54.48,49.35,66.49,329.51,329.09,100.03,860.24,860.04,100.02,860.0,-1
2022-01-05 16:56,97.39,289.92,323.34,270.58,47.59,73.5,19.3,65.69,858.99,70.37,54.55,,66.52,329.56,,100.13,860.04,860.09,100.06,859.98,-1
2022-01-05 17:00,98.99,286.36,322.89,,46.58,,17.77,64.76,,,,,66.57,329.54,329.24,100.06,,860.12,100.11,860.02,-1
2022-01-05 17:04,82.86,282.55,322.52,273.05,49.61,72.49,20.56,63.15,857.34,71.3,54.95,49.23,66.56,329.46,329.22,99.79,,859.86,100.02,859.88,-1
2022-01-05 17:08,83.92,278.5,,275.48,,74.6,19.29,61.16,858.33,69.66,54.52,,66.55,329.5,329.39,99.97,859.38,860.04,99.94,859.87,-1
2022-01-05 17:12,82.25,274.51,321.72,278.36,50.2,,19.96,62.33,858.89,67.79,55.11,,66.61,329.44,329.32,100.14,,860.03,100.0,859.99,-1
2022-01-05 17:16,76.14,271.05,321.29,,,71.66,18.89,62.9,859.72,65.9,54.83,,66.67,329.47,329.29,100.33,859.9,860.44,100.06,860.33,-1
2022-01-05 17:20,88.02,269.17,320.87,284.59,47.49,70.41,19.42,63.7,859.42,68.65,54.03,45.96,66.74,329.49,329.25,100.35,860.16,860.26,100.21,860.59,-1
2022-01-05 17:24,71.25,269.86,320.59,286.87,47.71,73.1,16.56,63.31,860.12,68.42,,,66.83,329.57,329.27,99.94,860.18,860.1,100.17,860.55,-1
2022-01-05 17:28,85.14,273.25,320.09,288.1,46.96,,17.9,63.15,859.57,67.81,53.87,45.65,66.89,329.58,329.28,99.82,860.25,,99.99,860.44,-1
2022-01-05 17:32,69.97,278.9,319.67,288.18,47.25,74.55,19.19,65.05,859.96,67.31,53.67,,66.9,329.6,329.17,99.96,860.2,860.06,99.94,860.14,-1
2022-01-05 17:36,70.89,285.87,319.27,287.33,,70.36,18.17,61.73,860.34,69.77,54.23,49.65,66.92,329.53,329.35,100.28,,859.63,100.08,859.65,-1
2022-01-05 17:40,1.2,291.99,,285.76,,68.91,18.25,63.74,865.88,70.13,54.1,48.44,66.94,329.55,329.24,100.11,,859.7,100.03,859.78,-1
2022-01-05 17:44,1.2,295.44,318.74,283.72,40.57,72.88,17.36,62.01,870.35,68.3,53.23,46.21,66.94,329.64,329.34,100.05,860.8,,99.98,860.25,1
2022-01-05 17:48,45.95,296.33,319.3,281.19,43.9,,18.13,64.31,865.74,69.07,,,67.0,329.57,329.21,99.87,860.99,860.17,99.91,860.31,-1
2022-01-05 17:52,100.0,295.38,320.47,278.58,48.29,70.11,19.58,60.73,852.8,70.69,,46.42,67.08,329.59,329.41,100.13,859.76,,99.99,860.14,1
2022-01-05 17:56,100.0,292.96,321.72,275.79,48.19,70.97,17.58,61.53,850.69,73.5,53.55,,66.55,329.61,329.36,,859.4,859.01,100.01,859.96,1
2022-01-05 18:00,86.31,289.77,322.94,,,72.25,18.74,62.03,853.95,74.35,,49.77,66.19,329.58,329.34,99.98,859.49,858.67,99.98,859.74,1
2022-01-05 18:04,77.45,286.28,324.09,270.86,48.39,73.36,19.19,60.09,857.1,,,50.93,66.61,329.63,329.44,99.79,,859.9,99.9,859.29,-1
2022-01-05 18:08,89.84,282.08,325.2,269.77,49.57,,21.47,60.88,857.8,68.54,53.18,,66.55,329.65,329.4,99.68,859.67,860.79,99.73,859.62,-1
2022-01-05 18:12,69.58,,326.07,269.92,48.38,74.8,22.67,66.12,858.6,67.19,53.01,48.23,66.57,329.67,329.11,99.76,859.98,,99.75,859.99,-1
2022-01-05 18:16,2.13,274.15,326.93,271.15,46.8,72.51,21.59,66.05,865.84,69.69,52.97,,66.57,329.61,329.12,99.95,,860.43,99.76,860.12,-1
2022-01-05 18:20,100.0,270.61,327.85,273.32,45.78,74.85,23.49,64.74,856.5,68.49,52.85,47.84,66.52,329.69,329.19,100.02,,860.06,99.84,860.13,-1
2022-01-05 18:24,100.0,268.85,328.58,275.79,47.38,,22.75,63.53,853.94,71.83,52.76,49.21,66.65,329.7,329.26,100.03,860.36,859.51,99.84,860.0,1
2022-01-05 18:28,75.68,269.67,329.53,279.0,,,22.05,64.19,856.75,72.92,52.52,49.8,66.62,329.72,329.22,99.87,859.57,859.22,99.87,859.96,-1
2022-01-05 18:32,79.84,272.89,330.34,282.39,48.82,74.59,21.84,64.84,858.2,,52.28,,66.69,329.75,329.18,99.89,,,99.9,859.42,-1
2022-01-05 18:36,83.39,278.25,331.11,285.72,,,20.27,64.4,858.41,70.66,52.05,50.27,66.74,329.77,329.27,100.05,,859.82,99.99,859.76,-1
2022-01-05 18:40,89.51,284.95,331.9,288.27,,,20.35,63.82,858.67,68.43,52.82,49.55,66.83,329.75,329.24,,,860.54,99.97,859.97,-1
2022-01-05 18:44,78.9,290.78,332.7,289.34,48.5,72.56,23.12,65.47,859.95,73.0,52.55,49.35,66.74,329.72,329.15,100.06,860.09,860.2,100.06,860.06,-1
2022-01-05 18:48,70.19,294.48,333.52,289.2,,,22.12,63.6,860.86,70.94,,49.45,66.77,329.7,329.25,100.4,860.07,,100.22,860.04,-1
2022-01-05 18:52,60.68,295.48,334.27,288.0,47.52,70.85,19.6,63.29,,69.87,,,66.97,329.66,329.27,100.23,860.22,860.07,100.24,860.06,-1
2022-01-05 18:56,100.0,294.52,335.12,285.75,45.15,,22.0,65.28,858.46,69.41,,48.77,66.85,329.73,329.16,99.74,860.41,860.08,100.06,860.13,-1
2022-01-05 19:00,74.83,292.4,335.97,283.14,44.46,76.96,21.3,66.17,859.33,70.11,52.86,50.1,66.9,329.68,329.11,99.43,860.48,,99.82,860.02,-1
2022-01-05 19:04,85.99,289.41,336.7,280.09,45.16,76.98,24.28,65.0,,74.25,,50.06,66.97,329.63,329.18,99.69,859.98,,99.64,859.89,-1
2022-01-05 19:08,59.71,,337.62,277.02,46.08,,23.04,64.69,860.6,71.07,53.22,50.1,66.98,329.64,329.19,100.25,860.06,,99.84,860.04,-1
2022-01-05 19:12,99.31,281.93,338.35,273.76,46.66,70.04,20.41,65.58,860.17,70.37,53.1,48.05,67.1,329.6,329.14,100.5,,859.87,100.02,860.17,-1
2022-01-05 19:16,100.0,277.85,339.16,271.02,44.9,70.89,22.24,,856.7,,52.94,47.63,67.12,329.68,329.28,100.21,860.21,860.32,100.16,860.25,-1
2022-01-05 19:20,80.36,274.0,339.9,269.24,,79.72,21.76,64.1,858.51,,52.87,48.9,67.0,329.68,329.22,99.84,859.78,860.14,100.04,860.0,-1
2022-01-05 19:24,75.21,270.63,340.64,268.63,47.85,73.84,21.15,61.83,859.76,71.31,,,67.01,329.62,329.35,99.86,859.6,860.02,99.94,859.82,-1
2022-01-05 19:28,78.66,268.98,341.45,269.43,,69.42,21.7,66.05,859.84,,53.35,50.0,66.97,329.63,329.12,100.18,859.67,,100.07,859.9,-1
2022-01-05 19:32,89.7,269.84,341.77,271.34,47.41,,18.16,64.78,859.29,70.43,53.83,,66.86,329.64,329.19,100.87,859.88,859.98,100.33,860.1,-1
2022-01-05 19:36,45.6,273.4,341.47,274.1,,59.8,13.16,62.61,861.34,,53.28,,66.92,329.58,329.31,101.67,859.99,,100.88,860.03,-1
2022-01-05 19:40,79.62,278.91,340.85,277.46,46.6,,12.25,68.16,859.72,70.73,53.32,50.05,67.06,329.63,329.0,101.41,860.12,,101.21,859.97,-1
2022-01-05 19:44,18.81,285.69,340.1,281.43,45.72,70.48,11.52,67.13,864.28,,53.92,,67.13,329.63,329.06,99.72,860.37,,100.78,860.09,-1
2022-01-05 19:48,100.0,291.54,339.37,285.27,43.66,,17.22,63.9,855.25,69.55,53.42,48.89,67.01,329.68,329.24,98.19,,,99.86,860.03,-1
2022-01-05 19:52,93.24,294.87,338.68,288.12,41.15,,20.15,63.2,854.23,71.84,53.07,,67.11,329.66,329.21,98.35,860.1,859.7,99.16,859.88,1
2022-01-05 19:56,50.98,295.82,338.06,289.62,49.76,74.83,21.45,63.49,859.51,70.67,,50.58,67.16,329.64,329.26,99.44,859.28,859.63,98.96,859.93,-1
2022-01-05 20:00,100.0,294.94,337.29,289.71,50.04,,24.33,65.12,855.57,73.68,54.06,,67.01,329.55,329.17,100.39,859.38,,99.3,859.47,-1
2022-01-05 20:04,66.72,292.72,336.66,288.65,48.22,68.86,21.95,64.42,857.41,70.29,,,66.43,329.59,329.21,100.68,,,99.7,859.94,-1
2022-01-05 20:08,41.64,289.77,335.97,286.74,,,21.19,64.81,862.93,69.13,54.46,49.18,66.23,329.51,329.18,100.6,859.65,860.55,99.99,860.05,-1
2022-01-05 20:12,100.0,286.21,335.38,284.21,,,18.57,65.31,856.3,70.05,54.14,,66.56,329.48,329.16,100.19,860.17,860.21,100.2,860.2,-1
2022-01-05 20:16,91.84,282.4,334.73,281.32,46.09,,21.96,66.8,856.96,69.28,54.34,49.11,66.58,329.52,329.08,99.47,860.46,,100.04,860.3,-1
2022-01-05 20:20,1.3,278.4,334.15,278.23,45.32,75.46,25.65,62.81,864.16,69.35,54.54,,66.55,329.5,329.3,99.27,860.5,860.16,99.65,860.28,-1
2022-01-05 20:24,100.0,274.23,333.6,,,73.68,22.57,65.07,,74.22,54.04,46.9,66.61,329.5,329.17,99.75,,859.66,99.7,860.28,-1
2022-01-05 20:28,100.0,270.85,332.99,271.97,44.34,71.14,21.61,65.23,854.19,69.24,,,66.73,329.49,,100.3,860.62,860.09,99.88,860.15,1
2022-01-05 20:32,92.74,269.17,332.43,269.86,49.38,73.04,23.12,,855.48,72.99,54.32,48.19,66.78,329.52,,100.16,859.41,,99.99,860.0,-1
2022-01-05 20:36,43.9,269.83,331.88,268.93,,72.77,23.67,62.5,859.33,71.32,54.4,52.23,66.78,329.52,329.31,,859.22,,100.05,859.37,-1
2022-01-05 20:40,100.0,273.21,331.34,269.49,,75.0,24.44,66.82,858.21,73.29,54.36,,66.9,329.46,329.08,99.67,859.22,,99.99,859.44,-1
2022-01-05 20:44,100.0,279.03,330.8,,46.96,75.69,23.76,64.55,854.6,68.48,54.87,50.96,66.92,329.52,329.2,99.81,859.78,860.38,100.0,859.81,1
2022-01-05 20:48,80.83,285.44,330.27,274.33,,73.04,22.31,64.71,857.21,70.76,54.96,,66.99,329.45,329.19,100.13,,,100.07,859.93,-1
2022-01-05 20:52,52.17,291.06,329.72,,48.62,71.33,21.57,67.94,859.89,71.22,54.37,,67.0,329.52,329.01,100.31,859.78,,100.19,860.12,-1
2022-01-05 20:56,25.25,294.36,329.31,281.5,48.39,,20.78,67.87,865.32,71.12,,46.87,67.13,329.46,329.02,100.2,860.28,,100.32,860.5,-1
2022-01-05 21:00,98.2,295.33,328.75,285.15,47.33,72.34,20.61,63.54,855.04,69.4,,,67.19,329.46,329.26,99.95,860.72,860.31,100.2,860.56,-1
2022-01-05 21:04,92.39,294.6,328.3,287.72,47.15,,20.48,66.86,853.42,70.57,,,67.23,329.52,329.07,99.94,860.59,,100.19,860.62,1
2022-01-05 21:08,75.82,292.39,327.85,289.0,46.76,,18.88,67.12,856.63,72.24,,47.41,67.33,329.5,329.06,99.73,859.82,,99.98,860.35,-1
2022-01-05 21:12,83.38,289.53,327.35,288.88,,,19.45,63.76,857.44,72.48,54.0,47.91,67.26,329.63,329.24,,859.89,,99.91,859.79,-1
2022-01-05 21:16,63.08,285.91,326.84,287.57,46.98,,21.02,65.26,859.6,69.75,54.66,,67.42,329.55,329.16,,860.11,,99.9,859.96,-1
2022-01-05 21:20,100.0,282.05,326.39,285.49,46.05,72.35,22.04,66.62,,68.12,54.22,,67.4,329.54,329.09,100.3,,,99.94,859.94,-1
2022-01-05 21:24,91.58,278.11,325.94,282.9,45.23,,22.39,65.72,856.9,70.46,54.91,,67.32,329.46,329.14,100.28,,860.19,100.1,859.93,-1
2022-01-05 21:28,35.78,274.12,325.56,279.9,48.21,70.2,19.16,67.08,860.92,71.39,55.02,51.16,67.37,329.45,329.06,100.14,859.95,,100.15,859.6,-1
2022-01-05 21:32,100.0,270.86,325.11,,46.65,,20.57,64.08,858.86,71.56,,50.64,67.29,329.5,329.23,100.0,860.06,,100.08,859.59,-1
2022-01-05 21:36,35.72,269.18,324.68,273.62,,,19.36,63.25,861.58,72.65,54.2,,67.4,329.54,329.27,100.23,860.54,,100.18,859.94,-1
2022-01-05 21:40,100.0,269.97,324.25,270.91,,67.59,19.11,64.41,855.92,72.22,54.25,50.8,67.4,329.47,329.21,100.42,,859.95,100.24,859.94,-1
2022-01-05 21:44,99.26,273.31,323.81,269.34,46.13,,19.13,64.94,855.27,70.0,53.98,50.83,67.45,329.5,329.18,99.91,860.2,860.11,100.16,859.86,-1
2022-01-05 21:48,78.64,278.92,323.44,269.12,50.06,76.61,20.42,66.57,858.55,70.75,,52.79,67.43,329.53,329.09,99.52,859.31,,99.96,859.64,-1
2022-01-05 21:52,71.94,285.42,323.0,270.38,,,20.07,64.91,859.15,71.49,54.47,51.85,67.48,329.5,329.18,99.69,859.47,,99.82,859.68,-1
2022-01-05 21:56,64.19,291.52,322.56,,48.49,,21.19,65.07,861.07,66.27,55.18,,67.47,329.49,329.17,100.11,,,99.87,860.1,-1
2022-01-05 22:00,100.0,,322.23,276.36,,,18.28,67.53,857.06,69.62,55.84,49.69,67.51,329.36,329.04,100.34,860.19,860.46,100.1,860.27,-1
2022-01-05 22:04,65.22,295.64,321.8,280.03,,70.7,19.26,67.7,859.48,71.51,54.83,,67.57,329.47,329.03,100.22,860.36,860.26,100.16,860.26,-1
2022-01-05 22:08,82.62,294.8,321.42,283.59,42.31,,19.06,65.43,859.8,,55.34,48.01,67.68,329.42,329.16,100.02,,,100.08,860.4,-1
2022-01-05 22:12,91.87,292.61,320.98,286.71,39.74,,15.99,67.42,858.12,69.13,54.68,,67.06,329.48,329.04,100.07,861.24,860.28,100.14,860.77,-1
2022-01-05 22:16,75.23,289.75,320.53,288.36,,,20.44,66.36,859.85,68.37,,45.05,66.79,329.48,329.1,99.99,861.24,860.21,100.06,860.7,-1
2022-01-05 22:20,22.18,286.33,320.1,288.55,40.19,74.93,19.22,65.39,862.32,,54.71,,66.92,329.48,329.15,99.76,860.78,860.08,99.95,860.25,-1
2022-01-05 22:24,56.64,282.44,319.72,287.71,45.19,74.3,19.66,,861.58,70.99,54.59,,67.03,329.5,329.28,99.56,859.73,859.59,99.76,859.58,-1
2022-01-05 22:28,100.0,278.58,,285.88,45.69,73.35,21.71,65.22,,69.52,,,66.89,329.5,329.16,99.73,859.41,859.71,99.62,859.26,-1
2022-01-05 22:32,100.0,274.52,318.91,283.29,49.78,74.4,23.25,71.18,854.32,72.83,55.37,52.81,66.85,329.41,328.84,100.12,858.58,,99.72,858.98,1
2022-01-05 22:36,6.24,271.01,318.68,280.53,53.76,72.85,21.63,69.02,860.43,72.08,,,66.91,329.34,328.95,100.0,,859.75,99.77,858.99,-1
2022-01-05 22:40,95.81,269.06,,,51.3,74.95,23.76,65.59,860.81,70.99,55.89,54.54,66.93,329.35,329.14,99.77,858.77,859.75,99.73,859.3,-1
2022-01-05 22:44,100.0,269.77,320.24,274.4,48.5,72.56,22.46,63.79,854.75,69.66,55.54,50.63,67.0,329.39,329.24,99.97,859.62,,99.8,860.09,1
2022-01-05 22:48,77.41,272.72,321.39,271.83,52.99,,21.27,63.82,855.92,72.86,54.98,,67.05,329.45,329.24,100.39,,860.16,100.03,860.46,-1
2022-01-05 22:52,70.85,278.19,322.62,270.06,49.4,70.7,18.95,64.72,858.85,70.98,54.87,49.39,67.06,329.46,329.19,100.51,,860.23,100.28,860.53,-1
2022-01-05 22:56,36.64,285.0,323.86,269.79,,73.32,21.74,67.68,860.78,72.59,54.12,46.81,67.19,329.49,329.03,99.97,860.5,859.69,100.17,860.66,-1
2022-01-05 23:00,100.0,,324.91,270.97,45.83,73.66,20.26,65.28,856.43,68.33,54.55,,67.15,329.5,329.16,99.49,,,100.0,860.61,-1
2022-01-05 23:04,88.19,294.61,325.92,273.26,46.06,75.73,22.0,62.88,856.24,70.73,,48.15,67.24,329.45,329.29,99.58,860.88,,99.72,860.43,-1
2022-01-05 23:08,54.21,295.73,326.9,,46.7,72.52,21.51,63.55,859.75,72.86,54.2,,67.3,329.54,329.25,,860.22,859.73,99.79,860.02,-1
2022-01-05 23:12,61.04,294.99,327.76,,48.58,71.53,22.37,66.09,860.25,71.5,54.63,,67.28,329.55,329.08,100.28,859.91,859.71,99.92,859.78,-1
2022-01-05 23:16,100.0,292.9,,283.36,,72.17,21.75,67.54,857.45,71.73,,,67.32,329.5,329.04,100.23,859.98,859.75,100.12,859.78,-1
2022-01-05 23:20,85.93,289.65,329.74,286.58,45.97,72.99,19.05,68.07,857.59,71.19,,52.19,67.28,329.48,328.94,100.0,860.06,860.09,100.08,859.62,-1
2022-01-05 23:24,2.91,286.12,330.54,288.18,47.52,74.38,21.29,67.77,864.09,72.47,,50.47,67.29,329.49,329.02,,,,100.03,859.76,-1
2022-01-05 23:28,100.0,282.29,331.41,288.26,47.83,,21.07,65.28,860.24,71.02,54.44,,67.36,329.51,329.16,100.02,860.04,860.18,100.04,859.84,-1
2022-01-05 23:32,100.0,278.44,332.22,287.31,46.09,71.0,21.48,63.1,854.82,70.13,54.18,50.33,67.38,329.6,329.28,100.13,,859.9,100.06,860.0,1
2022-01-05 23:36,44.65,274.39,333.09,285.45,48.11,,21.61,59.82,857.81,72.71,53.36,,67.39,,329.46,99.93,859.6,859.87,100.02,860.09,-1
2022-01-05 23:40,100.0,270.9,333.97,282.95,,73.31,23.92,66.14,856.97,70.47,53.81,52.82,67.48,329.52,329.11,99.89,859.56,860.01,99.85,859.67,-1
2022-01-05 23:44,84.41,269.16,,,,72.27,25.35,67.57,857.34,73.96,55.13,,67.42,329.47,,,859.87,,99.84,859.79,-1
2022-01-05 23:48,72.74,269.96,335.64,276.98,,,22.53,65.21,859.42,69.54,55.06,50.22,67.43,329.5,329.16,100.02,859.88,,99.78,860.05,-1
2022-01-05 23:52,86.65,273.32,336.62,274.09,,71.42,23.41,65.38,,69.96,54.59,,67.56,329.49,329.15,100.09,860.06,860.44,99.92,860.23,-1
2022-01-05 23:56,77.74,278.91,337.4,,46.87,,21.46,64.18,859.52,70.09,55.06,,67.61,329.5,329.22,,,,99.97,860.35,-1
2022-01-05 24:00,73.78,285.59,338.21,270.32,47.2,,22.5,63.98,860.34,70.41,54.39,48.45,67.56,329.52,329.23,99.91,860.25,860.14,99.93,860.36,-1
2022-01-05 24:04,89.98,291.45,338.81,270.45,46.85,75.04,23.42,64.02,859.52,71.42,54.39,48.95,67.56,329.52,329.23,99.72,860.18,,99.92,860.17,-1
2022-01-05 24:08,76.17,294.85,339.72,271.91,47.2,76.48,26.3,64.19,859.69,70.16,53.93,,67.56,329.57,329.22,99.72,860.11,,99.86,859.91,-1
2022-01-05 24:12,51.75,295.82,340.43,274.42,48.3,72.91,23.4,66.55,861.49,71.08,54.56,,67.48,329.5,329.09,,859.97,,99.91,859.84,-1
2022-01-05 24:16,89.23,294.97,341.22,277.54,,69.02,19.79,62.19,859.61,70.73,54.01,49.76,66.99,329.56,,100.63,,,100.28,859.83,-1
2022-01-05 24:20,90.05,292.76,341.69,280.84,,,19.28,64.65,,72.05,54.4,,66.72,329.54,329.19,100.62,860.26,859.78,100.33,859.94,-1
2022-01-05 24:24,73.35,289.83,341.54,284.07,43.07,72.86,19.56,65.92,859.83,70.32,54.76,50.48,66.82,329.48,329.12,99.86,860.37,,100.25,859.86,-1
2022-01-05 24:28,75.59,286.21,341.04,286.57,45.95,,22.17,66.19,860.74,71.23,54.88,,66.93,329.46,329.11,99.65,860.22,859.94,100.05,860.03,-1
2022-01-05 24:32,85.27,282.48,340.23,287.84,,72.14,21.95,67.45,859.61,71.26,53.86,51.8,66.73,329.57,329.04,99.95,859.9,859.81,99.97,859.9,-1
2022-01-05 24:36,76.16,278.5,339.48,,46.48,71.45,22.45,67.59,859.96,72.09,,,66.77,329.57,329.03,99.99,859.95,859.86,100.02,860.07,-1
2022-01-05 24:40,82.72,274.62,338.66,286.72,46.18,73.75,21.82,66.89,860.25,69.51,54.65,,66.81,329.49,329.07,99.72,859.99,860.15,100.0,859.99,-1
2022-01-05 24:44,26.61,271.12,,284.7,,75.04,24.35,64.86,861.92,70.24,54.73,49.16,66.85,329.48,329.18,,,,99.92,860.16,-1
2022-01-05 24:48,95.82,269.14,337.4,282.24,46.17,70.4,21.34,59.64,859.84,71.06,54.38,49.89,66.89,329.56,329.41,,860.08,,99.96,860.14,-1
2022-01-05 24:52,89.87,269.48,336.71,279.46,44.35,,22.8,64.47,856.28,70.07,54.55,49.78,66.99,329.5,329.2,100.22,860.19,859.98,100.06,860.0,-1
2022-01-05 24:56,19.1,272.41,336.15,276.57,47.14,70.88,22.37,65.83,860.5,72.19,54.12,50.71,66.92,329.49,329.13,100.02,859.86,,100.11,860.04,-1
2022-01-05 25:00,89.36,277.43,335.52,273.92,47.04,,21.79,64.9,860.67,71.52,,51.22,66.96,329.54,329.18,99.81,860.04,860.01,100.02,859.85,-1
2022-01-05 25:04,100.0,283.94,334.88,271.68,44.56,73.44,25.39,66.63,854.47,72.1,54.52,49.69,66.99,,329.14,99.79,860.25,859.66,99.94,859.88,1
2022-01-05 25:08,76.34,290.09,334.25,270.59,49.05,72.35,21.6,65.2,856.37,,54.92,51.03,66.97,329.46,329.16,100.07,859.59,,99.97,859.71,-1
2022-01-05 25:12,78.8,294.24,333.68,270.88,49.94,,20.89,64.51,858.09,71.69,54.57,,66.95,329.5,329.2,100.04,859.32,860.1,100.01,859.5,-1
2022-01-05 25:16,74.1,295.61,333.09,272.62,49.95,70.8,22.31,65.14,860.11,73.04,54.88,51.71,67.03,329.46,329.17,100.01,,859.69,100.04,859.78,-1
2022-01-05 25:20,67.02,294.95,332.45,,47.12,,18.93,64.81,859.26,,55.28,,67.06,329.48,329.18,100.28,,,100.19,859.99,-1
2022-01-05 25:24,88.08,292.98,332.0,278.25,47.88,,20.29,63.02,858.74,69.22,,50.75,67.1,329.46,329.28,100.26,860.09,860.37,100.34,860.15,-1
2022-01-05 25:28,78.24,290.04,331.34,281.35,,71.51,19.3,65.24,859.31,,54.44,49.6,67.23,329.45,329.16,99.84,,860.06,100.11,860.09,-1
2022-01-05 25:32,0.0,286.47,330.88,284.5,48.26,75.46,20.29,68.17,865.74,73.89,,52.91,67.2,329.41,329.0,99.49,859.93,859.58,99.89,859.8,-1
2022-01-05 25:36,0.0,282.77,330.34,,45.66,,22.67,65.61,871.0,70.35,55.14,51.83,67.27,329.43,329.14,99.51,,860.1,99.78,859.94,1
2022-01-05 25:40,1.39,278.82,,287.72,44.17,73.77,21.01,65.15,868.72,71.71,54.9,49.67,67.28,329.46,329.17,99.83,860.59,,99.73,860.34,1
2022-01-05 25:44,50.36,274.73,329.33,287.43,,,22.54,64.91,863.24,72.28,55.34,47.53,67.24,329.47,329.18,100.21,,,99.87,860.66,-1
2022-01-05 25:48,100.0,271.18,328.78,286.1,48.47,,21.65,66.88,,76.22,55.22,,67.3,329.42,329.07,100.15,859.69,859.22,100.0,860.37,-1
2022-01-05 25:52,100.0,269.04,328.3,283.9,50.17,,22.66,63.58,852.17,81.93,55.19,51.53,67.5,329.36,329.25,99.92,859.44,,100.01,859.93,1
2022-01-05 25:56,92.84,269.38,327.82,281.5,45.61,75.7,24.62,63.99,854.2,78.3,55.42,47.83,67.39,329.46,329.23,99.75,860.29,859.13,99.96,860.28,1
2022-01-05 26:00,18.57,272.13,327.42,278.79,43.47,75.97,21.5,68.41,861.62,71.53,,,67.35,329.34,328.99,99.77,860.79,860.5,99.86,860.22,-1
2022-01-05 26:04,100.0,277.24,326.88,276.06,42.17,,22.75,68.04,855.97,69.19,56.37,,67.49,329.24,329.01,100.16,860.93,861.52,100.0,859.81,-1
2022-01-05 26:08,100.0,283.67,326.47,273.55,,72.43,22.22,70.14,853.68,66.83,57.44,51.18,67.5,329.18,328.89,100.36,860.45,,100.2,859.82,1
2022-01-05 26:12,77.91,290.14,326.06,271.53,47.83,73.3,22.61,71.24,856.86,68.82,,,67.51,329.18,328.83,100.05,,,100.14,859.5,-1
2022-01-05 26:16,46.99,294.05,325.64,270.74,48.36,75.41,21.83,70.46,,71.8,57.32,53.82,67.55,329.19,328.87,99.82,859.21,,100.08,859.21,-1
2022-01-05 26:20,100.0,295.53,325.23,271.18,47.36,,23.39,67.58,856.56,70.16,57.87,53.04,67.53,329.14,329.03,,859.53,,100.04,859.58,-1
2022-01-05 26:24,94.73,294.86,324.8,273.02,46.94,75.2,21.7,68.58,857.88,70.5,57.2,52.12,66.98,329.21,328.98,100.01,859.79,,99.98,859.97,-1
2022-01-05 26:28,68.47,292.91,324.32,275.48,,,23.0,65.19,858.64,71.08,57.72,,66.75,329.15,329.16,100.14,860.11,859.82,100.04,860.1,-1
2022-01-05 26:32,88.43,289.92,,278.48,46.37,,20.17,68.38,859.09,72.89,57.14,,66.87,329.21,328.99,100.08,860.0,859.64,100.04,860.05,-1
2022-01-05 26:36,89.36,286.51,323.43,281.66,46.37,71.94,20.56,66.09,858.73,,,50.92,66.83,329.22,329.12,100.16,860.13,859.9,100.12,860.18,-1
2022-01-05 26:40,73.44,282.56,323.06,284.74,48.58,71.08,20.15,65.62,860.56,71.39,56.87,,66.83,329.18,329.14,100.23,860.04,859.86,100.19,860.27,-1
2022-01-05 26:44,68.72,278.48,322.52,286.89,47.3,70.45,19.52,66.59,860.31,69.79,,,66.78,,329.09,100.24,860.04,,100.32,860.15,-1
2022-01-05 26:48,92.17,274.51,322.16,,47.47,71.35,17.64,65.36,859.38,71.55,56.16,48.74,66.78,329.32,329.16,100.24,860.1,860.06,100.33,860.34,-1
2022-01-05 26:52,89.79,270.95,321.79,287.08,47.11,70.22,17.67,,859.13,68.64,,48.12,66.84,329.38,329.28,100.24,860.16,860.24,100.33,860.28,-1
2022-01-05 26:56,73.89,269.16,321.35,285.48,46.13,,18.1,63.29,860.43,69.9,55.69,,66.96,329.43,329.27,99.99,860.04,859.99,100.14,859.96,-1
2022-01-05 27:00,69.32,269.9,321.0,283.16,47.08,74.42,19.95,65.49,860.68,70.24,56.24,51.07,66.91,329.37,329.15,99.7,859.72,,99.97,859.78,-1
2022-01-05 27:04,90.57,273.26,320.55,280.64,,,20.53,63.43,859.31,69.99,55.77,,67.02,329.36,329.26,99.74,859.72,,99.83,859.83,-1
2022-01-05 27:08,64.2,279.25,320.06,277.69,47.35,,22.78,64.66,860.93,69.86,55.31,52.09,67.02,329.42,329.19,100.05,,860.16,99.76,859.89,-1
2022-01-05 27:12,100.0,286.29,319.76,274.95,47.08,,21.52,63.43,859.19,68.92,55.22,50.21,66.95,329.36,329.26,100.17,859.91,,99.95,859.9,-1
2022-01-05 27:16,71.35,292.0,319.38,272.47,45.79,,19.51,62.59,858.94,71.14,55.39,,67.0,329.41,329.31,100.09,860.16,,99.99,859.89,-1
2022-01-05 27:20,82.38,295.24,318.94,270.75,46.72,,21.87,65.55,860.17,69.77,55.29,,66.92,329.42,329.14,99.82,860.01,860.0,99.9,859.86,-1
2022-01-05 27:24,87.71,295.92,318.8,270.52,,,19.15,64.09,859.58,71.87,55.69,49.29,66.72,329.43,329.22,100.3,860.1,859.84,100.0,860.08,-1
2022-01-05 27:28,81.04,294.92,319.39,271.65,47.03,61.85,15.31,64.45,,68.79,55.34,,66.69,329.41,329.2,101.49,860.09,,100.64,860.0,-1
2022-01-05 27:32,76.51,292.69,320.42,273.88,45.33,58.77,12.65,66.05,860.12,69.44,,,66.74,329.44,,,860.2,860.1,101.23,860.16,-1
2022-01-05 27:36,80.37,289.62,321.55,276.68,45.54,61.63,9.0,66.42,860.23,69.78,55.27,52.37,66.59,329.42,329.1,100.9,860.06,859.96,101.27,859.9,-1
2022-01-05 27:40,61.07,286.03,322.89,,45.42,,12.11,60.89,860.84,,,,66.64,329.48,329.4,99.23,860.17,860.21,100.59,860.14,-1
2022-01-05 27:44,35.98,282.06,324.11,283.31,,79.54,17.62,63.05,864.01,68.33,,48.36,66.76,329.49,329.28,98.05,,860.14,99.41,860.2,-1
2022-01-05 27:48,100.0,278.04,325.18,286.13,,,22.53,61.82,855.47,70.4,54.54,49.31,66.8,329.5,329.35,98.28,860.42,860.03,98.85,860.08,-1
2022-01-05 27:52,65.09,274.03,326.16,287.7,45.08,,20.88,63.52,856.05,71.0,,50.49,66.93,329.59,329.26,99.71,860.12,,98.87,859.91,-1
2022-01-05 27:56,100.0,270.74,327.15,287.85,46.88,69.55,24.65,64.25,857.24,70.85,54.61,52.79,66.95,329.49,329.16,,859.51,,99.25,859.8,-1
2022-01-05 08:40,91.45,274.18,328.99,279.36,,71.83,24.62,72.5,858.77,71.5,54.76,,62.23,329.48,328.76,99.93,859.81,860.08,99.9,859.87,-1
2022-01-05 09:20,43.5,294.66,337.32,284.02,44.8,74.21,23.66,68.66,861.88,70.73,,,63.66,329.38,329.03,99.82,,860.43,100.05,860.09,-1
